1,5,502,0,63739.574976
1,11,97,0,2851.669209
1,8,18,1,295732.814696
1,28,146,1,49.268798
1,11,3,0,268645.818380
1,10,226,1,194256.806929
1,12,595,1,894.369969
1,5,584,0,54702.329330
1,7,683,0,25453.334207
1,35,212,0,222544.486881
1,30,26,1,15165.641818
1,10,12,0,3375.188940
1,42,578,1,13019.922609
1,10,721,0,176660.217203
1,14,1410,1,52502.932139
1,5,562,0,202901.048953
1,24,487,1,625458.243776
1,5,1402,0,12933.853700
1,10,695,1,1282.311514
1,5,545,0,49672.792778
1,10,602,1,36618.635524
1,10,20,1,2962.206263
1,10,556,1,394282.168896
1,15,35,0,559777.824486
1,508,938,1,85.660957
1,15,285,0,300022.783778
1,16,552,0,603292.527109
1,6,512,0,401973.273517
1,1,8,0,1444.937798
1,6,405,0,10419.714200
1,5,19,0,496893.130603
1,10,470,1,33923.005522
1,5,546,0,45360.660145
1,5,680,0,389791.110216
1,114,13,1,58100.898546
1,6,535,0,63336.672095
1,8,1,0,1102.802514
1,10,553,1,5740.513794
1,18,34,0,510911.937868
1,6,13,0,504161.700947
1,10,507,1,619992.840134
1,7,203,0,127504.605687
1,5,585,0,485827.596608
1,10,13,1,178217.833525
1,32,20,1,160036.935495
1,5,554,0,118719.857780
1,5,530,0,9364.852942
1,28,491,1,91511.993994
1,10,31,1,18821.781054
1,12,478,1,121421.910928
1,9,770,0,514239.375334
1,5,568,0,299173.555443
1,5,609,0,10399.955692
1,3,4,0,315315.631967
1,14,565,1,15945.433119
1,10,14,0,208015.117030
1,12,69,1,11559.382863
1,10,598,1,569799.501775
1,68,588,1,15004.793782
1,5,1,0,387714.082711
1,1,28,0,27266.470957
1,5,537,0,182431.466716
1,6,390,0,341998.358228
1,13,1335,0,2.171803
1,8,718,1,367152.668895
1,5,570,0,548.847444
1,114,70,1,8585.137524
1,24,174,1,67525.549795
1,326,20,1,89515.490642
1,12,1,1,17702.819198
1,10,580,1,1405.813139
1,16,4,1,0.000000
1,11,151,0,710111.530727
1,6,562,0,5597.457114
1,6,163,0,634402.450401
1,18,2109,1,574653.836543
1,22,92,1,242743.097513
1,40,2295,1,398.920900
1,6,731,0,151914.356792
1,5,306,0,9082.060375
1,10,469,0,574408.990588
1,8,73,1,509874.393731
1,5,589,0,39554.912766
1,6,20,0,2713.162831
1,20,2,1,109841.604648
1,42,12,1,183142.502111
1,5,541,0,8184.198397
1,132,34,1,89820.283117
1,30,11,1,305556.688251
1,24,11,1,13431.745306
1,10,16,1,287426.071246
1,30,36,1,391019.333255
1,54,8,1,177878.690662
1,8,588,1,69175.056409
1,30,53,1,89174.442771
1,18,31,1,107446.321900
1,11,3,0,399238.650140
1,5,1429,0,288854.375549
1,12,8,1,31387.652238
1,20,201,1,530948.674116
1,20,5,1,44530.916861
1,74,2,1,258592.722961
1,16,237,1,593.375024
1,5,605,0,16514.811013
1,7,972,0,675.534753
1,134,5,1,64596.764143
1,25,17,0,390056.658132
1,14,6,1,431617.960419
1,5,567,0,10972.086085
1,18,1,0,294748.474272
1,5,18,0,18352.715136
1,7,81,0,30335.801664
1,14,24,1,306243.940120
1,8,548,0,41475.890808
1,5,449,0,34816.367197
1,44,7,1,223302.634962
1,5,7,0,138546.142559
1,7,107,0,757864.100170
1,5,1128,0,102525.684471
1,5,686,0,387682.417557
1,83,8,0,56944.072082
1,18,7,1,57300.817340
1,6,548,0,86281.693708
1,9,520,0,102589.763966
1,5,820,0,2653.786917
1,5,692,0,26656.961361
1,5,516,0,66042.265475
1,5,647,0,120225.003150
1,7,551,0,118594.254416
1,4,28,1,21908.673549
1,5,724,0,734.944553
1,6,645,0,193.654774
1,7,42,0,313116.773949
1,10,326,1,697.525708
1,10,542,1,320944.043410
1,56,138,1,181011.006822
1,244,578,1,925.093045
1,66,52,1,236749.851642
1,52,430,1,1653.944088
1,12,168,0,163057.712250
1,18,651,1,22653.874885
1,356,142,1,80.888208
1,10,21,0,52911.115785
1,5,738,0,645125.093460
1,8,218,0,108514.171630
1,114,5,1,81092.520456
1,84,387,1,766.538055
1,8,641,0,78847.036467
1,32,17,1,114902.230263
1,10,70,1,107130.519368
1,5,146,0,533391.719808
1,11,519,0,299971.042152
1,6,598,0,222894.133660
1,14,549,1,24881.909488
1,48,384,1,402326.125798
1,44,530,1,479526.639703
1,6,443,0,22858.600165
1,78,10,1,23287.782303
1,9,979,0,184538.273327
1,52,17,1,129698.476301
1,82,7,1,405446.292453
1,10,555,0,63016.046633
1,12,604,1,38687.124436
1,5,406,0,428114.740929
1,10,126,1,103372.287569
1,2,27,1,0.098678
1,5,26,0,65454.104036
1,5,660,0,4994.526166
1,10,878,1,139669.361684
1,94,1,1,166393.641021
1,6,605,0,289374.325433
1,5,695,0,28282.025232
1,6,25,0,21597.394664
1,90,6,1,6591.219149
1,5,466,0,96221.682625
1,28,94,1,161126.175028
1,12,62,1,822259.620817
1,10,511,1,83013.655918
1,30,1124,1,129054.096500
1,5,526,0,29962.734901
1,20,11,1,206042.790223
1,236,9,1,5000.385636
1,94,711,1,5634.309402
1,5,739,0,15203.518341
1,10,1917,1,30750.610870
1,12,15,1,85961.101793
1,48,540,1,87220.272299
1,53,7,0,726428.560698
1,10,546,1,64957.049474
1,40,434,1,13064.655226
1,12,72,1,186956.299207
1,10,87,1,33796.267487
1,7,604,0,75024.429372
1,92,1,1,242624.438112
1,10,493,1,8.233873
1,24,29,1,388677.204897
1,46,9,1,3806.807464
1,18,7,1,76652.376155
1,10,540,1,95337.320540
1,6,535,0,55883.211640
1,5,566,0,14599.350742
1,10,801,1,627681.025894
1,12,583,1,1481.404339
1,7,12,0,6169.329188
1,48,98,1,87124.824136
1,14,3,1,240156.599293
1,294,117,1,34042.070327
1,72,42,1,11859.995310
1,10,5,1,1453.199499
1,42,3,1,499810.660716
1,5,533,0,2236.374865
1,28,113,1,188806.948120
1,5,477,0,123784.745714
1,32,214,1,119668.094016
1,8,33,0,289379.919573
1,28,562,1,11267.453198
1,7,1356,0,115139.795423
1,36,125,1,109497.542274
1,5,8,0,128331.129894
1,10,524,1,177970.413638
1,30,13,1,113380.349793
1,32,276,0,21842.844316
1,4,47,0,51655.096090
1,10,62,1,38032.886789
1,8,40,0,198867.380938
1,11,527,0,125130.997106
1,6,6,0,30142.455547
1,8,16,1,2856.297331
1,5,3,0,35449.878797
1,56,121,1,489446.421830
1,20,15,1,323734.079083
1,13,33,0,348993.162687
1,20,9,1,27519.763602
1,7,672,0,21781.924345
1,5,256,0,2610.243836
1,12,527,0,56300.821169
1,126,1469,1,2591.072661
1,5,29,0,163301.122636
1,10,541,1,546199.632979
1,18,432,1,493565.378361
1,5,676,0,31757.795185
1,84,742,1,2.474903
1,10,409,0,281676.856771
1,12,681,1,43745.880840
1,98,708,1,8393.300765
1,8,57,1,160805.400247
1,10,626,1,63656.928372
1,18,18,1,171506.543247
1,22,12,0,25625.595070
1,4,566,0,1650.315597
1,5,513,0,21120.373961
1,80,10,1,10847.208884
1,10,536,0,607461.503345
1,18,681,1,32041.084363
1,16,8,0,9.011770
1,10,628,1,279340.575154
1,5,636,0,56166.706962
1,102,46,1,44033.863066
1,10,170,0,297653.473674
1,22,57,0,520776.337414
1,50,318,1,22827.512809
1,86,57,1,1684.974634
1,5,534,0,42064.789213
1,9,573,0,118514.575573
1,14,3,1,246751.441469
1,92,22,1,218531.769413
1,5,429,0,430039.185366
1,5,603,0,322114.255041
1,88,38,1,335235.714560
1,32,34,1,295541.473078
1,36,33,1,79485.373192
1,10,6,1,84919.823361
1,464,317,1,171.222911
1,11,2,0,219962.931442
1,87,34,0,454921.126113
1,30,11,1,665703.448607
1,42,31,1,394.693306
1,10,509,1,20099.259509
1,9,520,0,108984.267714
1,20,6,1,194665.945502
1,14,1167,1,289498.851523
1,10,6,0,914.215717
1,30,44,1,393859.501958
1,14,29,1,558389.834249
1,12,8,1,9136.543078
1,5,500,0,9881.532335
1,92,2497,1,166.653966
1,5,568,0,32066.435467
1,10,556,1,129138.912964
1,1,40,0,1596.614452
1,36,23,1,130540.168799
1,32,17,1,288654.540939
1,5,540,0,41158.729343
1,5,702,0,32220.956452
1,16,533,1,69638.300571
1,8,97,0,420431.923196
1,22,54,1,13745.554457
1,7,731,0,94833.675392
1,18,342,1,115583.734872
1,10,698,1,32112.167242
1,5,689,0,196945.680809
1,5,491,0,101161.965438
1,32,2,1,392919.279579
1,38,18,1,13142.244863
1,10,10,1,80167.650569
1,96,30,1,310.774986
1,5,547,0,108782.865883
1,10,286,1,263593.106242
1,18,735,1,67117.124394
1,5,44,0,774.397465
1,43,609,0,143488.020036
1,52,26,1,244036.006510
1,12,617,1,30827.874583
1,52,6,1,41727.882184
1,12,345,1,0.935718
1,12,544,1,110880.160860
1,6,621,0,78414.400396
1,58,11,1,280325.822481
1,12,126,1,133119.643979
1,137,39,0,349024.976185
1,48,14,1,97616.894607
1,5,562,0,194061.212950
1,14,21,0,474677.006545
1,10,570,1,677551.010367
1,7,544,0,11835.080848
1,5,886,0,285967.342293
1,5,521,0,39836.069597
1,12,1,1,185725.340596
1,10,192,1,9219.778335
1,40,24,1,253827.599806
1,12,646,1,514252.019274
1,5,502,0,40186.149256
1,20,68,1,73281.348857
1,48,93,1,239025.652113
1,5,562,0,17897.278404
1,14,104,1,19141.539049
1,6,617,0,153061.916920
1,10,517,1,2753.086292
1,11,547,0,372451.209699
1,10,81,1,98020.063412
1,5,565,0,78789.022257
1,7,526,0,49135.552061
1,6,509,0,176422.020361
1,5,616,0,626.541623
1,5,12,0,1883.936564
1,10,534,1,546644.727414
1,11,558,0,70678.737035
1,30,21,1,263055.451863
1,10,170,1,7102.844002
1,60,359,1,140177.868615
1,5,574,0,61721.285813
1,26,6,1,21023.558396
1,5,294,0,129913.729244
1,52,1,1,3860.292506
1,32,52,1,17246.369379
1,66,21,1,1282.190936
1,5,535,0,213.356042
1,10,67,1,60302.110043
1,5,615,0,3069.621505
1,12,670,1,119701.741337
1,7,477,0,49842.472600
1,20,1,1,24434.820701
1,10,1263,1,7946.263639
1,5,545,0,387627.968350
1,10,482,1,32483.076573
1,40,16,1,626383.352356
1,10,414,1,350529.627626
1,5,3,0,89504.091718
1,10,11,0,0.000000
1,20,704,1,394073.546216
1,10,852,1,363237.849316
1,10,395,1,7834.731409
1,24,779,1,177741.186649
1,5,984,0,8062.034655
1,20,296,1,242610.015044
1,9,218,0,398314.300689
1,28,513,1,11511.718600
1,13,480,0,43132.571048
1,5,297,0,524251.821306
1,10,18,1,0.000000
1,10,4,1,637680.152043
1,76,297,1,424698.517163
1,12,768,1,147341.239998
1,30,3,1,163641.357819
1,44,2,1,298808.936960
1,246,19,1,0.880273
1,5,549,0,376225.101991
1,10,599,1,104008.362993
1,10,712,1,201527.031122
1,6,664,0,18410.887627
1,12,1422,1,197063.489080
1,6,558,0,25150.169258
1,36,237,1,374582.380881
1,16,231,0,468422.347111
1,12,36,1,536840.872369
1,5,596,0,48383.348635
1,48,20,1,132745.989853
1,5,721,0,33169.765431
1,5,817,0,11049.643788
1,34,169,1,18361.795584
1,11,540,0,47.270777
1,5,2,0,326897.744560
1,10,551,1,68903.601040
1,5,565,0,110066.471349
1,14,5,1,78318.204674
1,5,420,0,61332.651137
1,30,13,0,272814.974038
1,7,21,0,12290.632660
1,5,571,0,142962.978861
1,5,619,0,19261.277864
1,120,161,1,5608.664573
1,6,466,0,63213.462288
1,38,9,1,254028.189372
1,24,51,1,170487.120089
1,4,735,1,56035.179181
1,10,556,1,29456.865059
1,10,59,1,185578.141754
1,64,11,1,70715.716814
1,5,21,0,1572.608940
1,20,581,1,73344.269691
1,10,659,1,119170.562208
1,32,142,1,246354.714312
1,57,45,0,16982.891072
1,98,35,1,4.795732
1,5,798,0,222172.423717
1,20,953,1,88672.252196
1,92,32,1,2707.473117
1,5,601,0,26271.218006
1,4,546,0,5438.414604
1,42,42,1,68500.086913
1,18,27,1,20802.672621
1,56,3,1,14668.515182
1,90,21,1,616.945317
1,13,593,0,0.000000
1,72,2,1,2890.850107
1,7,709,0,58548.388018
1,5,780,0,84646.553946
1,10,841,1,61990.740892
1,10,535,0,20711.117476
1,10,585,1,24443.132530
1,6,1004,0,73472.674736
1,5,603,0,22780.122149
1,38,1146,1,190748.751161
1,10,254,1,423047.246564
1,10,19,1,123841.340247
1,50,3,1,255656.378223
1,42,10,1,370113.976085
1,9,714,0,14969.821567
1,18,218,1,275621.377178
1,12,502,1,1204.050511
1,56,2,1,1.069475
1,58,25,1,62477.904733
1,52,4,1,163378.860917
1,42,1532,1,0.035004
1,28,1063,0,340782.391236
1,44,16,1,83298.874630
1,5,66,0,14298.688382
1,10,51,1,8425.754463
1,414,8,1,2480.960019
1,12,6,1,33.277672
1,2,490,1,22157.657179
1,10,599,1,522565.843588
1,22,5,1,172628.179732
1,10,554,1,135979.064205
1,7,289,0,11853.617953
1,10,694,0,10995.444550
1,5,1,0,30138.737178
1,5,551,0,37069.401083
1,5,522,0,192787.984588
1,24,1,1,243916.602938
1,7,586,0,0.765150
1,10,51,1,166516.012302
1,34,12,1,30470.081231
1,10,514,1,5791.968898
1,8,4,0,10716.389051
1,8,275,1,75322.714424
1,10,486,0,0.000000
1,10,716,1,182048.400922
1,10,766,1,31685.117577
1,68,12,1,118756.714622
1,12,1031,0,300513.724445
1,176,29,1,0.000000
1,10,501,1,44197.531369
1,18,266,1,81684.114166
1,12,842,1,32775.744512
1,10,9,1,255943.945439
1,10,626,1,481782.355773
1,150,251,1,6109.718045
1,5,573,0,6.365702
1,10,491,1,1335.327089
1,24,1,1,585.133683
1,24,25,1,173470.794895
1,5,1031,0,6763.056780
1,5,596,0,152009.504079
1,22,8,1,144655.830270
1,90,3830,1,38139.339468
1,14,409,1,227976.549273
1,10,592,1,359308.136635
1,5,520,0,58131.690399
1,5,784,0,18315.557150
1,10,61,1,17582.578183
1,10,571,1,149243.439198
1,80,358,1,111332.700763
1,2,9,0,322534.511431
1,30,288,1,101556.969755
1,2,9,0,104571.256719
1,60,41,1,317514.921244
1,11,564,0,74623.184623
1,70,511,1,45550.656515
1,10,522,1,6840.703537
1,5,25,0,86169.191889
1,5,496,0,34902.807225
1,22,47,1,513139.439873
1,24,186,1,330579.941767
1,26,51,1,335370.958753
1,5,31,0,252314.578428
1,8,4,0,397256.479103
1,10,2987,1,17399.835485
1,19,50,0,113899.632534
1,10,809,1,257553.894320
1,4,622,0,97705.969861
1,20,432,1,355230.113836
1,16,231,0,220602.429957
1,10,133,1,122884.812942
1,54,7,1,119590.477735
1,10,765,1,486251.536790
1,4,505,0,395443.083357
1,5,375,0,86286.298217
1,6,2,0,277982.548653
1,5,488,0,72397.520960
1,5,507,0,98849.909909
1,5,30,0,178995.552211
1,10,583,1,4791.516158
1,10,765,1,4.484031
1,5,631,0,780411.617295
1,6,8,0,194761.591242
1,34,377,1,6.903422
1,14,1,1,173639.793289
1,5,511,0,12849.082487
1,14,4,1,24915.419275
1,10,596,0,54947.471705
1,10,585,1,409308.183192
1,5,179,0,114167.945718
1,12,506,0,263.958319
1,10,60,1,42367.090932
1,7,269,0,5963.854129
1,30,391,1,0.000000
1,42,41,1,458635.530612
1,12,7,1,75969.634153
1,12,580,1,37111.215616
1,10,209,0,578914.698632
1,5,542,0,533.280818
1,12,474,1,184736.085508
1,10,3,1,146018.065619
1,6,759,0,568741.633211
1,8,531,0,74799.344560
1,42,54,1,133792.576830
1,8,164,0,263491.980883
1,10,2,1,3915.665956
1,7,544,0,131874.803870
1,12,55,1,521989.137835
1,10,590,1,32527.294179
1,64,902,1,190905.358796
1,209,28,0,237684.748430
1,10,565,1,7126.060225
1,10,186,1,103524.937442
1,20,530,1,91078.239726
1,8,136,0,1658.249544
1,4,540,0,8606.822756
1,5,63,0,204932.493881
1,6,27,0,111457.905383
1,10,560,0,458.955108
1,58,7,0,400592.234756
1,18,4,1,31201.179860
1,10,1366,1,13942.265168
1,33,32,0,173737.558642
1,56,317,1,213363.581510
1,10,27,1,309008.689734
1,12,66,1,229.169946
1,19,992,0,3244.948199
1,12,61,1,499836.070205
1,5,301,0,54232.132104
1,90,29,1,650.777795
1,18,114,1,1009.067685
1,5,123,0,99251.485312
1,32,21,1,149.354904
1,90,12,1,23160.204722
1,6,147,0,248038.994140
1,132,8,1,104063.346456
1,5,605,0,81068.448859
1,30,20,1,19873.798252
1,12,31,1,84579.549181
1,36,533,1,317930.466304
1,5,508,0,97347.279892
1,44,184,1,1398.343717
1,7,609,0,223983.414216
1,72,264,1,726.804159
1,16,36,1,341480.952109
1,5,26,0,624723.898224
1,10,1443,1,1.119366
1,20,253,0,128002.569160
1,16,317,1,292874.225438
1,10,585,0,114880.211621
1,58,492,1,532258.317546
1,40,39,1,493076.901532
1,5,606,0,891.412404
1,5,659,0,13976.325413
1,5,80,0,3632.894657
1,5,411,0,419676.388473
1,5,569,0,28427.752342
1,10,508,1,467291.592103
1,20,327,1,29913.885758
1,88,5849,1,10438.071018
1,20,21,1,26426.377840
1,144,604,1,845.582240
1,20,675,1,133947.943398
1,10,591,1,128157.617851
1,12,608,1,843.299506
1,42,367,1,226863.082110
1,106,8,1,11274.255514
1,22,500,0,19100.690451
1,18,48,1,614257.799857
1,11,756,0,194725.808806
1,5,872,0,58003.291782
1,5,192,0,43893.154334
1,24,6,0,15523.665458
1,6,44,0,2578.864214
1,5,708,0,16587.238184
1,60,367,1,2388.650965
1,9,525,0,83.390048
1,8,553,0,6621.887519
1,5,561,0,15821.975811
1,10,2176,1,7385.126225
1,5,21,0,21856.594601
1,20,29,1,50026.335862
1,6,70,0,248352.535603
1,29,56,0,153021.543700
1,10,246,1,5618.798948
1,10,516,1,607041.886210
1,28,280,1,65336.673957
1,6,727,0,315753.236147
1,10,850,1,179160.288085
1,22,31,1,244244.744361
1,26,691,1,0.000000
1,10,144,1,294644.886483
1,10,176,1,164625.584542
1,14,3,1,255808.073482
1,96,21,1,3027.899334
1,62,182,1,227390.220052
1,34,27,1,165248.319884
1,22,88,1,14525.787534
1,14,23,1,224307.905633
1,10,309,0,265237.102708
1,10,518,1,75075.869695
1,5,538,0,404313.359033
1,10,136,1,205396.366221
1,12,9,1,624833.100021
1,5,561,0,350498.298997
1,10,501,1,228660.629881
1,10,4,1,185692.589241
1,14,9,1,368391.506101
1,20,17,1,434062.275382
1,12,339,1,186058.417371
1,8,685,0,140169.294506
1,187,1,0,1109.013820
1,10,610,1,60947.258030
1,6,368,1,318297.717623
1,16,235,1,36560.931067
1,24,548,1,77498.813226
1,58,8,1,528563.405437
1,5,487,0,324975.969854
1,10,437,1,468453.152242
1,15,164,0,68951.077004
1,10,628,1,26524.352999
1,74,1,1,5508.106475
1,17,515,0,360099.107890
1,5,511,0,19509.568079
1,10,116,1,3865.764289
1,38,284,1,108184.675616
1,10,90,1,273471.519029
1,5,521,0,70382.764915
1,6,53,0,316.163733
1,7,588,0,4542.070648
1,6,8,0,61305.965771
1,50,197,1,13228.555614
1,22,1731,1,11369.564454
1,22,8,1,156483.705696
1,20,286,1,229013.556308
1,12,570,1,512965.625724
1,10,3,1,21029.898290
1,12,4,1,237979.034961
1,5,39,0,18227.344152
1,44,2,1,71006.958338
1,10,103,1,53763.670814
1,10,757,1,56630.802843
1,15,10,0,233182.321685
1,5,619,0,1941.705169
1,12,1209,1,352360.782566
1,5,1032,0,261102.662432
1,14,20,1,29180.813255
1,5,221,0,378502.021412
1,14,179,1,1571.576423
1,50,17,0,9310.936943
1,5,523,0,77269.584958
1,4,3,1,0.109601
1,16,30,1,508984.822582
1,14,2791,1,45641.894899
1,5,531,0,4813.004624
1,24,24,1,120848.226102
1,20,3,0,448195.626858
1,5,803,0,12824.623296
1,48,137,1,487366.433672
1,6,13,0,48186.935310
1,10,4,0,11584.822303
1,5,473,0,325072.943010
1,42,8,1,70918.740331
1,28,598,1,83728.477992
1,5,501,0,41972.756781
1,12,499,1,37414.893893
1,5,561,0,622355.217767
1,12,38,1,1845.151980
1,10,21,1,60273.092540
1,36,7,1,587357.543617
1,5,467,0,135.073485
1,48,603,1,539355.668262
1,36,8,1,151467.830286
1,38,15,1,594355.697995
1,5,4,0,479494.435724
1,40,2,1,380733.937826
1,10,251,1,95524.989834
1,26,495,1,65371.699466
1,18,4,1,162639.168523
1,28,5,1,7873.318604
1,162,19,1,146030.651082
1,50,15,1,33710.320054
1,6,474,0,2884.015963
1,5,535,0,0.000000
1,8,15,1,2060.126905
1,48,277,1,215006.452045
1,10,532,1,258304.212276
1,11,555,0,31266.728097
1,66,361,1,2950.646418
1,5,3,0,19073.974582
1,5,548,0,68440.801396
1,15,53,0,231711.140726
1,13,7,0,5118.310938
1,94,7,1,301.710238
1,28,3,0,242530.091485
1,8,10,1,160537.981108
1,10,505,0,225099.252632
1,28,456,1,27959.027981
1,658,7,1,2097.562020
1,14,306,1,380199.499729
1,6,506,0,6007.097929
1,10,8,1,101872.906028
1,5,810,0,83679.050320
1,30,34,1,1324.864374
1,31,12,0,218898.776721
1,137,1,0,78257.603903
1,98,239,0,533075.119401
1,18,581,1,277.891037
1,52,31,1,90.291342
1,8,82,0,723370.256756
1,10,4,1,125411.349502
1,6,518,0,89197.651875
1,6,528,0,75959.726553
1,24,3,1,53073.242249
1,6,253,0,240230.545799
1,44,330,1,329319.574193
1,14,449,1,666863.647859
1,36,6,1,244891.452227
1,5,3,0,740781.212849
1,320,474,1,292589.914639
1,10,894,1,423298.586705
1,30,150,1,1378.816147
1,4,23,0,2557.787207
1,10,12,1,607.944759
1,5,548,0,63170.461059
1,78,2038,1,86.406454
1,28,2,0,179490.083509
1,5,53,0,1014.258984
1,20,610,1,35465.807024
1,4,3,0,190568.108541
1,7,1,0,238541.161446
1,20,42,1,340936.210395
1,5,255,0,278643.329282
1,6,589,0,273165.273973
1,10,669,1,415177.130335
1,6,585,0,261148.370846
1,12,18,1,72038.456415
1,10,428,1,34846.130086
1,58,7,1,208987.960554
1,12,543,1,322380.688591
1,20,192,1,121591.596859
1,10,37,1,16351.068942
1,12,588,1,16489.497354
1,62,52,1,2013.072703
1,402,244,1,40049.483154
1,5,532,0,1260.408035
1,24,55,1,37246.131898
1,7,682,0,5273.403277
1,5,67,0,323.312784
1,14,11,1,572852.258805
1,19,14,0,239274.192162
1,10,592,1,97844.910542
1,22,43,1,2899.817379
1,28,229,1,263073.254833
1,5,520,0,735134.973896
1,10,557,1,51671.419349
1,26,113,1,0.480749
1,58,25,1,1309.020893
1,7,1047,0,246130.128559
1,42,18,1,559247.149465
1,20,380,1,225911.285619
1,34,3,1,1397.616370
1,6,560,0,142852.899551
1,74,36,1,43216.489719
1,5,546,0,46527.223909
1,16,93,1,140105.011819
1,186,194,1,20634.196377
1,3,2,0,17160.571873
1,152,32,1,8768.907652
1,40,4,1,402006.308190
1,7,660,0,5608.399011
1,22,3,1,131401.330659
1,4,605,0,62604.740515
1,22,207,1,175087.182530
1,7,46,0,0.000000
1,5,624,0,369521.271592
1,10,1175,1,103954.202822
1,10,581,1,151209.765254
1,72,1,1,487417.431691
1,6,607,0,17475.567185
1,10,406,1,79645.428530
1,5,10,0,2.188174
1,18,631,1,0.818283
1,27,514,0,335895.145874
1,41,43,0,2786.381935
1,5,563,0,4177.128848
1,10,836,0,64761.756702
1,10,1,0,274656.635729
1,42,545,1,136.995909
1,10,160,0,146266.503388
1,80,32,1,393480.983951
1,5,851,0,776181.920408
1,5,779,0,2865.424216
1,10,27,1,76199.004328
1,6,11,0,98155.172012
1,12,295,1,48526.219600
1,5,8,0,160823.076420
1,9,485,0,3867.438601
1,5,14,0,0.000000
1,34,6,1,649753.488153
1,10,533,1,29523.903313
1,10,494,1,669603.083970
1,42,62,1,183.243365
1,24,73,1,1476.082884
1,10,656,1,155631.224515
1,5,549,0,103433.864670
1,76,34,1,11800.930547
1,10,713,1,337519.216514
1,32,319,1,197049.273106
1,10,2,1,316.800505
1,10,13,1,142542.997389
1,66,11,1,122.887370
1,18,303,1,141379.380449
1,21,1,0,265333.734716
1,52,7,1,406978.967099
1,6,5,1,58713.214147
1,6,3,0,239609.308759
1,6,612,0,83408.770692
1,62,33,1,10561.167890
1,10,781,1,182315.248318
1,16,4,1,383179.362942
1,10,116,1,257746.895820
1,10,121,0,194872.521098
1,5,555,0,586.295286
1,54,1,1,319396.384591
1,10,584,1,43085.439230
1,18,557,1,27362.891531
1,21,2,0,19064.629293
1,5,64,0,474987.586852
1,10,504,1,572464.176331
1,12,557,1,47543.854166
1,334,32,1,2567.507429
1,5,700,0,5877.083072
1,10,555,1,18217.449368
1,36,69,0,28135.102879
1,100,83,1,6382.457166
1,5,582,0,306.596308
1,58,365,1,63313.358658
1,40,708,1,109877.097086
1,5,29,0,23298.184119
1,5,443,0,160557.368990
1,138,823,1,303771.618783
1,458,18,1,159.406302
1,5,8,0,132410.340713
1,52,342,1,326558.744665
1,9,2,0,6284.556035
1,10,239,1,45640.633020
1,6,1,0,0.000000
1,52,31,1,148799.966319
1,7,526,0,192106.319849
1,4,507,0,2156.880177
1,14,541,1,142074.740383
1,98,252,1,62.793457
1,12,394,1,418076.772712
1,314,684,1,220848.461029
1,28,44,1,179890.412005
1,10,548,1,164141.087814
1,30,8,1,387926.079955
1,15,911,0,442942.911352
1,26,517,1,36342.580156
1,20,3556,1,127988.199566
1,8,8,1,0.000000
1,5,3,0,132753.624887
1,18,69,1,9279.586260
1,10,7,1,72672.703417
1,10,1503,1,7602.875524
1,6,606,0,7862.235651
1,14,597,1,66430.040305
1,5,638,0,13487.016332
1,54,14,1,205177.411167
1,6,18,0,344.282299
1,64,5,1,183872.333334
1,5,536,0,51684.639194
1,5,66,0,214827.975130
1,10,32,1,5636.008491
1,16,1,1,11039.029379
1,50,55,1,340675.927480
1,48,438,1,364402.851085
1,38,371,1,235426.690905
1,10,904,1,495351.110196
1,10,542,1,53432.233319
1,7,612,0,122610.753054
1,5,7,0,626904.392642
1,30,25,1,461693.976623
1,114,30,1,0.000000
1,26,1,1,257450.468365
1,14,13,0,14379.760938
1,5,530,0,106317.617446
1,34,17,1,455683.038053
1,10,14,1,32184.901862
1,5,22,0,58404.578457
1,70,19,1,246.573847
1,14,22,1,1233.188621
1,18,469,1,495413.650168
1,9,517,0,220.089727
1,8,1,1,0.011529
1,20,535,1,131775.220881
1,6,543,0,72660.543434
1,16,402,1,2985.077038
1,78,5,1,181253.787403
1,52,23,1,23676.707810
1,5,667,0,9518.539863
1,5,755,0,161314.454504
1,74,1,1,309773.760619
1,35,254,0,31059.497171
1,7,23,0,21466.581784
1,28,276,1,3940.594683
1,16,41,1,251849.651467
1,16,732,1,434963.048096
1,5,568,0,232.666990
1,5,711,0,24904.769960
1,20,124,1,376548.889146
1,12,3,1,65510.735321
1,12,216,1,80503.137550
1,12,761,1,8539.524245
1,5,581,0,324.565456
1,14,524,1,50376.327855
1,15,20,0,182051.495118
1,5,1249,0,8316.347245
1,5,501,0,149198.137367
1,5,23,0,255.304641
1,10,114,0,221896.680170
1,68,10,1,57852.029495
1,5,527,0,136338.078402
1,5,2,0,15939.736590
1,6,600,0,43292.254515
1,5,699,0,30772.435029
1,5,586,0,7940.680888
1,100,13,1,580434.664746
1,10,28,0,41476.806742
1,30,540,1,137216.773349
1,10,546,1,445884.125569
1,138,12,1,247466.179071
1,7,500,0,115594.253050
1,18,34,1,161324.652726
1,10,380,1,443163.917536
1,21,1,0,14615.971527
1,10,354,1,2.091476
1,5,112,0,17051.641850
1,5,773,0,35050.062954
1,10,483,0,46022.097221
1,52,28,1,313876.282542
1,40,1627,1,134974.619956
1,5,21,0,50872.987165
1,5,570,0,4384.649457
1,30,13,1,11182.036006
1,258,2,1,907.834269
1,6,538,0,76461.172661
1,16,533,1,56550.626772
1,15,36,0,665751.521038
1,10,21,1,47892.132336
1,10,691,1,3326.958228
1,5,866,0,178653.353136
1,34,476,1,313055.019698
1,82,25,1,106515.743865
1,68,294,1,0.000000
1,38,1,1,9386.923854
1,66,73,1,311716.286907
1,10,563,0,49457.493801
1,34,15,1,12531.271956
1,80,2,1,39792.875668
1,18,172,1,208279.677801
1,26,247,1,305499.617802
1,7,7,0,139043.753023
1,4,520,0,369379.598612
1,5,137,0,33379.155509
1,22,5,1,212313.414549
1,18,8,1,198008.107128
1,10,577,1,13623.075494
1,5,539,0,186298.359748
1,4,40,1,72409.575531
1,2,2,0,106.886480
1,10,524,0,128279.798333
1,30,459,1,88580.634674
1,8,1188,1,60545.944387
1,8,37,0,87930.153812
1,16,5,1,172049.521299
1,16,316,1,6810.315807
1,5,527,0,17698.956850
1,36,1308,1,135737.130697
1,66,17,0,51002.104448
1,10,616,1,306674.642146
1,32,640,1,389742.019893
1,12,513,1,36513.989931
1,9,235,0,17888.685523
1,14,6,1,167184.491904
1,118,153,1,485543.960562
1,12,8,1,41570.623949
1,62,3,1,333031.966156
1,8,504,0,8562.880848
1,5,523,0,335474.471635
1,10,729,1,198729.967248
1,5,574,0,431913.807066
1,10,470,1,249327.237915
1,76,1,1,407799.321223
1,10,522,1,116612.636296
1,70,145,1,560968.736512
1,10,15,1,79685.282800
1,23,309,0,20546.685262
1,5,184,0,41639.417584
1,10,93,1,579830.626588
1,294,1,1,55430.630291
1,24,114,1,7463.086945
1,5,14,0,28938.577093
1,14,545,0,157902.526210
1,54,42,1,106288.351345
1,12,489,1,32268.336481
1,6,11,1,109933.712022
1,42,501,1,8674.309690
1,5,691,0,15637.138949
1,6,553,0,10743.623791
1,28,40,1,107543.862272
1,16,947,1,711.687524
1,238,14,1,4498.112791
1,24,239,1,93906.545127
1,9,562,0,306056.193417
1,8,35,1,3176.590513
1,72,10,0,117335.256834
1,10,496,1,113102.361707
1,10,152,1,195384.331924
1,57,10,0,774.646782
1,34,82,1,286642.940151
1,16,382,1,510970.734482
1,10,26,1,9632.467398
1,7,660,0,2279.478097
1,26,617,1,37238.722402
1,20,510,1,44512.013500
1,34,6,1,495496.740991
1,10,573,1,123942.119728
1,5,8,0,147990.327310
1,5,629,0,15793.417178
1,30,4,1,10590.724349
1,22,8,1,380447.585171
1,229,53,0,61884.096686
1,12,439,1,404488.835351
1,11,503,0,257162.349461
1,14,477,1,3566.616099
1,32,7,1,51968.687564
1,86,90,1,187922.066277
1,18,19,1,272351.643952
1,10,495,1,27313.215338
1,14,9,1,700675.068397
1,10,122,1,221429.706934
1,5,528,0,3589.709312
1,21,26,0,339062.584599
1,19,664,0,625765.147341
1,7,537,0,40601.514354
1,5,602,0,65503.460948
1,15,813,0,72289.389601
1,42,1,1,153692.980249
1,5,494,0,153101.744966
1,12,557,0,11228.828964
1,208,1167,1,0.789375
1,5,608,0,93751.474140
1,13,119,0,637671.830100
1,76,647,1,275987.535829
1,5,537,0,13505.394329
1,34,26,1,84785.548979
1,54,345,1,282192.931914
1,10,617,1,29615.014423
1,5,7,0,474922.848403
1,20,601,1,936.292200
1,5,786,0,244783.728296
1,10,604,1,90680.190980
1,8,517,1,61918.320426
1,40,1,1,522437.445539
1,11,97,0,476750.995781
1,3,47,0,139.986862
1,204,1356,1,166178.246718
1,8,23,0,163520.783577
1,4,818,0,31999.004105
1,5,779,0,11322.993308
1,38,287,1,274974.974532
1,10,2,1,215967.371590
1,30,216,1,449359.319489
1,5,1072,0,66201.449123
1,5,511,0,49311.862719
1,10,785,1,315397.392923
1,13,22,0,663423.216888
1,22,51,1,2.380163
1,10,53,1,323662.152215
1,10,669,1,253691.104456
1,42,208,1,87453.140451
1,6,270,0,255896.584707
1,40,3,0,275591.044499
1,5,1048,0,24055.324241
1,8,4,0,431977.508667
1,52,358,1,127064.568957
1,6,554,0,55947.083086
1,5,387,0,42551.897306
1,11,411,0,20750.644916
1,10,468,1,928.716830
1,6,304,0,528136.029404
1,10,556,1,1867.859031
1,94,17,1,22706.235210
1,30,154,0,293.442663
1,5,181,0,16106.736344
1,20,550,1,1.343645
1,39,783,0,6258.079579
1,5,557,0,38133.101724
1,6,21,0,183271.380707
1,10,576,0,382382.490824
1,6,618,0,519180.727344
1,96,1,1,281058.072922
1,28,5,1,413602.611082
1,10,32,1,459.856023
1,114,1,1,146318.900275
1,5,186,0,544298.110517
1,10,136,1,11829.997767
1,5,75,0,61559.733236
1,60,23,1,453753.861275
1,5,607,0,91800.434982
1,2,41,1,62113.673732
1,6,205,0,526286.313152
1,34,8,1,462443.555311
1,5,23,0,32982.207770
1,86,623,1,1737.401264
1,10,79,1,80570.474375
1,5,80,0,186106.111476
1,12,634,1,50564.236452
1,5,118,0,97258.862951
1,16,113,1,99999.908709
1,5,672,0,0.000000
1,24,40,1,113520.090853
1,2,18,1,1708.979653
1,20,480,1,2432.615631
1,52,38,1,420063.509492
1,14,69,1,9347.961835
1,5,605,0,59310.313748
1,10,193,1,270322.093892
1,5,601,0,3603.618426
1,20,15,1,6462.518740
1,11,342,0,324737.365612
1,20,8,1,40590.364689
1,5,708,0,16337.758603
1,12,68,1,48707.985061
1,5,660,0,76058.838231
1,7,1,0,803.366704
1,10,563,1,62209.478276
1,14,329,1,249848.267673
1,24,416,1,23835.143461
1,16,26,1,222424.332615
1,60,19,1,371655.544311
1,12,580,1,65458.079744
1,2,74,1,8693.662465
1,5,564,0,3538.974810
1,108,9,1,148977.282862
1,10,465,1,64182.014611
1,92,259,1,2858.096040
1,7,1127,0,645257.066460
1,44,37,1,206940.052287
1,24,44,1,163104.609270
1,28,625,1,177307.152403
1,5,500,0,7794.562327
1,504,7,1,175.296007
1,27,122,0,324673.982216
1,30,152,1,145592.099883
1,20,13,1,233983.060141
1,12,640,0,299148.862132
1,150,14,1,379327.892035
1,52,23,1,81164.292390
1,7,519,0,2232.666220
1,74,28,1,205452.188396
1,9,593,0,407789.684649
1,6,485,0,28929.979066
1,18,61,1,142487.168000
1,30,83,1,365811.407092
1,10,7,1,133660.440473
1,5,15,0,5994.025165
1,5,22,0,162355.045637
1,20,20,1,25569.887379
1,10,32,1,69508.316758
1,5,567,0,87169.657630
1,5,667,0,391033.227967
1,30,39,1,234166.209003
1,5,523,0,134484.352749
1,10,4,1,316133.778552
1,26,2,1,156277.997311
1,12,64,1,34023.385423
1,22,18,1,296481.900749
1,5,332,0,44094.550417
1,76,595,1,18351.217792
1,10,535,1,77948.896480
1,20,608,1,571357.454889
1,20,6,1,2399.157138
1,13,12,0,2500.887089
1,10,252,0,1998.582885
1,30,21,1,235843.991428
1,14,23,1,17863.353418
1,112,3,1,22890.910818
1,42,110,1,70242.609762
1,5,9,0,200992.038177
1,40,274,1,320222.910487
1,5,1489,0,518889.653391
1,24,870,1,9388.963111
1,40,27,1,46591.329284
1,36,319,0,194079.414486
1,12,535,1,329024.752582
1,6,313,0,257485.958400
1,6,618,0,361030.751353
1,58,9,1,92838.748687
1,5,640,0,173702.340021
1,30,1,1,442832.529909
1,26,42,1,142154.217664
1,16,250,1,478571.348063
1,8,500,0,314032.973709
1,98,8,1,212450.187728
1,24,432,1,201684.748612
1,64,6,1,266974.231446
1,5,657,0,213923.184774
1,5,624,0,32750.685175
1,7,201,0,2736.729975
1,12,502,0,106073.667620
1,5,582,0,2369.664720
1,10,704,1,34279.569801
1,10,546,1,6760.326707
1,9,8,0,238954.841603
1,12,594,1,252019.369212
1,14,37,0,188582.003264
1,20,46,1,572026.164833
1,12,23,1,0.044906
1,10,575,1,146.671112
1,38,1,1,190831.090539
1,10,542,1,78615.237679
1,17,159,0,501935.130404
1,5,696,0,37855.656704
1,38,50,1,174598.058200
1,436,44,1,7929.904912
1,7,271,0,21973.497856
1,14,286,1,70021.904871
1,16,1,1,221.439966
1,8,755,0,351543.447230
1,10,1,1,275187.422907
1,32,322,1,3.098498
1,10,281,1,29825.249974
1,10,697,1,266416.061182
1,2,89,1,327.316471
1,6,523,0,44397.252421
1,5,5,0,86508.121832
1,5,17,0,4158.291993
1,21,22,0,151762.797876
1,10,676,1,11533.082052
1,19,7,0,476092.017644
1,8,3,1,317727.588680
1,6,1,0,189776.365758
1,34,6,1,109796.731219
1,66,3,1,1087.459667
1,14,53,0,13536.463595
1,5,609,0,143947.279778
1,10,135,1,1234.404817
1,13,4,0,273338.018994
1,10,622,1,236565.284060
1,38,5,1,131890.178373
1,10,561,1,23587.397357
1,10,511,1,44310.811069
1,5,3,0,4677.706867
1,10,580,1,324424.875528
1,10,276,1,51940.432393
1,5,810,0,1002.196073
1,5,527,0,289356.064629
1,5,671,0,384694.933839
1,10,891,1,11353.024008
1,4,11,0,85203.404364
1,5,2,0,139952.265387
1,81,78,0,194949.795852
1,12,896,1,228164.377310
1,30,1999,1,421460.263323
1,7,591,0,177491.108745
1,36,157,1,17556.231825
1,144,76,1,225407.598920
1,5,513,0,51068.863854
1,62,18,1,626805.722201
1,6,730,0,26802.798005
1,2,119,0,283741.465702
1,44,353,1,153660.281825
1,6,629,0,151486.068000
1,10,29,1,429344.194011
1,36,8,1,91861.601871
1,6,560,0,25623.240422
1,10,1,1,508.786623
1,8,224,1,7626.083872
1,34,49,1,107594.060934
1,5,30,0,1814.095257
1,5,657,0,612820.527597
1,2,2,0,65452.633130
1,94,329,1,136148.228559
1,5,655,0,73800.563964
1,14,520,1,30556.589258
1,10,521,1,20974.257067
1,10,1387,1,260634.750663
1,11,684,0,14254.440928
1,10,523,0,82914.243550
1,9,134,0,337898.941200
1,8,905,0,506263.925353
1,48,28,1,383.087449
1,34,185,1,146715.622034
1,5,2,0,341395.685740
1,5,551,0,3039.385838
1,34,5,1,8382.829208
1,5,1,0,37399.760975
1,48,150,1,173740.217192
1,4,585,0,377060.725592
1,16,93,0,344049.605615
1,10,583,1,82385.817580
1,30,26,1,140341.642351
1,32,47,1,201079.679763
1,5,537,0,19703.997796
1,6,667,0,7735.610888
1,32,173,1,60230.431000
1,90,11,1,5336.765201
1,25,12,0,3542.386812
1,30,3,1,136279.726588
1,44,5,1,155163.631431
1,5,58,0,5130.397665
1,44,37,1,4111.985493
1,11,852,0,64636.934289
1,14,5,1,128277.035147
1,5,588,0,114558.350994
1,18,62,1,83225.653586
1,4,98,0,47498.114690
1,320,3,1,59624.425706
1,12,536,1,119227.449589
1,11,698,0,21596.908176
1,6,36,0,2218.419941
1,5,175,0,681142.367112
1,10,355,1,181.504611
1,19,3,0,3960.830829
1,24,1159,1,475615.049550
1,6,571,0,43442.824847
1,5,99,0,98439.645847
1,6,821,0,35585.167404
1,12,13,1,454820.836439
1,6,576,0,9884.336567
1,38,31,1,349606.056204
1,16,324,1,122798.766814
1,4,552,0,41720.129469
1,36,253,1,20734.845182
1,45,2,0,3945.887985
1,2,24,0,106779.180692
1,174,194,1,10188.401832
1,10,545,1,223721.362528
1,7,651,0,3078.277641
1,5,661,0,118415.737465
1,5,1193,0,35509.392421
1,5,489,0,18178.311683
1,5,12,0,431856.675632
1,10,449,1,69889.731879
1,6,520,0,279355.132879
1,10,4,1,24952.379792
1,10,689,1,98804.380296
1,12,5,1,97695.529674
1,8,35,1,42933.759880
1,16,3,1,311591.457753
1,5,192,0,127.883620
1,10,19,0,82185.572976
1,44,29,1,7.912097
1,20,651,1,123992.234233
1,5,534,0,1306.904793
1,5,10,0,140083.767818
1,5,416,0,18084.392955
1,42,6,1,192144.542802
1,7,17,0,556982.404795
1,5,550,0,16202.157216
1,26,3,0,256506.944684
1,7,594,0,101989.062589
1,10,410,1,49914.738561
1,12,830,1,203.015657
1,5,558,0,122946.897324
1,6,556,0,31754.483163
1,5,846,0,1098.509723
1,70,132,1,4974.940605
1,30,137,1,313225.493478
1,12,878,1,95173.871585
1,104,59,1,131433.447029
1,10,592,1,242614.188856
1,32,409,0,347876.479794
1,52,213,1,39980.697027
1,24,221,1,114883.344852
1,10,96,1,22998.917375
1,22,770,1,107578.944963
1,5,123,0,241.540764
1,6,384,0,416936.543477
1,26,1,0,12118.289005
1,5,483,0,13979.116402
1,5,6,0,3881.119352
1,5,650,0,74560.950920
1,1,24,0,126261.017571
1,36,115,1,452588.834338
1,26,506,1,236829.293371
1,27,16,0,8480.753435
1,14,513,1,325.598017
1,5,536,0,12431.781556
1,10,558,1,185463.879721
1,10,538,1,4244.046811
1,10,497,1,6406.651783
1,12,2,1,23303.661293
1,10,653,1,0.000000
1,136,307,1,10699.716552
1,5,607,0,22557.441393
1,5,559,0,158429.772982
1,10,36,1,275048.246398
1,23,16,0,372110.211440
1,62,811,1,374876.984933
1,10,147,1,452253.051930
1,5,7,0,365.063854
1,50,52,0,536575.442376
1,20,30,1,111925.056767
1,7,28,0,418.312967
1,10,715,1,44396.845011
1,5,2,0,7522.293068
1,62,551,1,1956.472651
1,14,3027,1,648734.836180
1,18,279,1,5643.455486
1,34,1427,1,39175.468525
1,5,451,0,40890.527869
1,12,585,1,20681.982433
1,3,37,0,67511.522905
1,40,6,1,87614.127114
1,26,53,1,10478.092381
1,10,569,1,559082.590928
1,5,512,0,470612.734256
1,10,419,0,27286.243908
1,2,72,1,65174.802349
1,12,522,0,13658.371001
1,35,86,0,215266.840997
1,5,652,0,22435.001829
1,6,733,0,128712.903535
1,10,550,0,260874.270213
1,12,104,1,495893.185840
1,34,598,1,490878.376086
1,10,548,1,77237.418940
1,6,149,0,49323.339735
1,5,600,0,82.209846
1,64,66,1,22638.926112
1,8,568,1,5150.474990
1,7,5,0,20663.023672
1,13,18,0,12120.650399
1,18,21,0,10374.478000
1,10,649,1,238557.559188
1,5,392,0,487524.955227
1,10,618,1,206787.989668
1,6,8,0,52400.184709
1,64,14,1,241241.684635
1,5,548,0,253855.045744
1,5,23,0,53.428698
1,10,656,1,63284.923234
1,14,6,1,426842.205657
1,20,199,1,5438.223757
1,5,512,0,33301.316879
1,8,346,1,343823.490544
1,10,502,1,95094.024192
1,68,2,1,128425.661789
1,22,535,1,67011.391536
1,10,654,1,16180.090664
1,120,23,1,39010.073950
1,74,13,1,1011.612029
1,6,1,0,359.565542
1,7,642,0,83891.383471
1,4,38,0,57550.429598
1,36,49,1,362280.786248
1,14,23,1,8069.128951
1,10,524,1,9090.005885
1,28,5,1,278138.401598
1,12,621,1,158075.799331
1,5,576,0,16913.311121
1,24,1,1,112866.601878
1,5,549,0,94922.167186
1,12,510,1,225745.618974
1,48,1103,1,1887.707850
1,72,5,1,380067.282460
1,9,80,0,1216.127931
1,5,533,0,46761.769896
1,14,1175,1,5142.727458
1,2,62,1,177241.363751
1,10,14,1,5720.651215
1,12,8,0,20717.410141
1,38,20,1,153232.088056
1,12,55,1,245608.140472
1,26,2,1,274439.394309
1,15,276,0,0.000000
1,5,227,0,9682.331922
1,46,547,1,327919.351214
1,12,155,1,411682.874023
1,62,507,1,191.176829
1,10,122,1,443636.667710
1,8,568,1,2.970166
1,46,30,1,292449.714238
1,10,1,0,221717.725945
1,18,50,1,103578.337574
1,10,11,1,33146.460522
1,12,40,1,22594.612609
1,5,585,0,2646.434438
1,5,281,0,544.429218
1,7,527,0,30003.257815
1,316,51,1,579874.336250
1,20,560,1,94306.599706
1,6,575,0,44864.466433
1,5,513,0,81618.408041
1,12,610,0,96825.221648
1,7,571,0,74127.665333
1,6,1,0,336.152049
1,88,276,1,130037.554787
1,10,58,1,1175.922631
1,10,175,1,7167.276564
1,5,6,0,236622.622728
1,18,8,1,65424.926789
1,12,6,1,3356.164010
1,10,826,1,89549.664066
1,14,495,0,0.000000
1,30,525,1,42650.215195
1,5,558,0,192590.068780
1,5,550,0,92346.447105
1,17,117,0,9702.564818
1,4,38,1,90813.785819
1,12,590,1,2940.768726
1,5,687,0,255684.698860
1,308,237,1,215983.076625
1,58,1,0,51051.599269
1,12,107,0,363927.871133
1,12,252,1,42455.999096
1,9,489,0,36221.873548
1,7,651,0,2385.671572
1,32,2,1,114569.556341
1,10,350,1,55536.901447
1,5,561,0,453353.127751
1,5,361,0,10293.314532
1,5,669,0,37731.429024
1,5,603,0,43375.921567
1,209,16,0,129730.770990
1,5,670,0,36207.911387
1,80,28,1,59503.399759
1,7,511,0,2014.781494
1,6,622,0,3073.273631
1,84,32,1,222218.729922
1,82,543,1,7184.856040
1,22,127,1,32166.975728
1,10,186,1,41230.014511
1,10,63,1,461387.001648
1,20,630,1,52221.392632
1,12,45,0,116386.281541
1,58,3,1,201039.460689
1,7,1382,0,468299.028167
1,12,578,1,103155.701833
1,12,432,1,176580.495151
1,10,79,1,17205.474995
1,10,46,1,60725.885195
1,5,578,0,167368.372258
1,5,525,0,27658.320215
1,5,575,0,77428.521467
1,4,438,1,38921.043365
1,7,568,0,75035.297962
1,6,12,0,99395.721372
1,10,492,1,115841.604356
1,5,1128,0,35073.385621
1,10,656,1,340089.397810
1,16,19,1,8208.470165
1,24,7,1,70972.367413
1,18,6,1,209607.192542
1,40,19,1,93085.798654
1,96,283,1,291451.536001
1,5,118,0,320389.977275
1,32,586,1,121674.564726
1,20,401,1,375738.447023
1,10,558,1,6.463156
1,10,558,1,9766.824798
1,24,23,1,64754.783555
1,5,667,0,146766.509707
1,8,11,0,10140.985496
1,20,396,1,9821.986095
1,6,536,0,1952.677686
1,5,563,0,11318.266910
1,11,601,0,292078.540170
1,2,8,1,213939.050430
1,14,289,1,161406.797070
1,74,4,1,222803.900690
1,48,190,1,373674.562391
1,5,540,0,74029.512581
1,6,505,0,19387.005942
1,5,583,0,52923.960333
1,12,523,1,85.382908
1,5,36,0,79284.185477
1,60,26,1,221491.445262
1,14,57,1,84693.044745
1,10,30,1,389590.681740
1,6,541,0,42448.448373
1,6,1100,0,70377.481865
1,26,366,1,38859.243087
1,5,20,0,1.440720
1,6,579,0,13899.410166
1,16,33,0,61066.142452
1,12,38,1,17938.008536
1,10,533,1,469.227975
1,21,21,0,276298.370987
1,5,639,0,535052.113642
1,10,670,1,3074.546169
1,5,631,0,6.015679
1,9,12,0,301546.498925
1,12,118,1,58323.179199
1,6,530,0,85963.480231
1,10,454,1,92320.391878
1,10,369,1,92111.771825
1,32,703,0,6849.344691
1,14,18,1,87766.375539
1,20,37,1,49975.288313
1,12,508,1,33954.390227
1,108,73,1,3748.249524
1,5,107,0,1971.386974
1,5,62,0,58985.571039
1,20,7,1,384444.300780
1,14,81,1,145174.153331
1,82,2,1,287855.934848
1,10,619,1,130422.487065
1,8,18,0,129112.054204
1,5,553,0,13456.156934
1,10,64,1,454908.544984
1,8,821,0,21310.378168
1,52,5,1,4044.179789
1,5,493,0,16256.304311
1,6,18,1,126881.667892
1,5,1,0,407822.770346
1,5,5,0,20465.670865
1,22,15,1,224750.454634
1,5,642,0,2800.186954
1,10,13,1,7760.373687
1,10,630,1,246839.078214
1,10,536,1,79924.631197
1,10,5,1,37923.142374
1,5,543,0,103856.673584
1,44,759,1,97816.880665
1,5,1218,0,80491.022517
1,8,309,0,17074.854383
1,10,123,1,144695.223775
1,12,545,1,33884.451026
1,8,10,1,7637.911865
1,22,16,1,0.440367
1,5,490,0,64782.757116
1,5,1,0,31236.441627
1,52,172,1,2127.802499
1,12,597,1,393.411237
1,6,410,0,83468.450209
1,8,81,0,577.353459
1,106,6,1,680387.732069
1,32,113,1,164749.427057
1,10,816,1,266184.030637
1,32,4,1,25829.931897
1,6,17,0,65154.970491
1,162,143,1,4388.994171
1,32,565,1,9244.784076
1,5,88,0,102557.923406
1,50,4,1,428068.861707
1,5,513,0,35390.922645
1,10,33,0,351611.057724
1,5,560,0,115526.401155
1,35,20,0,4171.671202
1,7,522,0,91722.669884
1,30,885,0,456769.807696
1,56,128,1,104959.592803
1,5,1317,0,4.241045
1,10,500,0,832.968024
1,9,30,0,7814.082649
1,54,39,1,106196.672907
1,14,6,1,12021.689965
1,20,69,1,225073.379403
1,12,1,0,279305.234245
1,20,27,1,2908.342422
1,5,629,0,86219.253014
1,10,531,1,287076.205103
1,12,533,1,100496.727699
1,122,71,1,1998.639002
1,5,1,0,18.959613
1,2,9,1,75345.165985
1,10,486,1,98617.139712
1,42,1,1,298365.302979
1,30,770,1,2376.222050
1,22,1,1,11590.772400
1,14,16,1,190938.786219
1,6,666,0,98985.086622
1,30,77,0,380599.277029
1,5,583,0,485094.045251
1,10,153,1,94.515680
1,40,495,1,15451.950928
1,10,382,1,30488.504854
1,22,35,1,73906.204618
1,6,531,0,0.000000
1,9,13,0,426392.127041
1,30,6,1,170859.117132
1,122,11,1,192169.194554
1,12,320,1,13551.357185
1,32,7,1,389508.294902
1,124,531,1,72831.080964
1,10,601,1,294333.981879
1,21,219,0,13085.944792
1,2,4,1,22557.901914
1,9,504,0,2.644482
1,78,448,1,16655.188645
1,5,603,0,42304.266582
1,16,599,1,131547.127733
1,10,663,1,145133.269978
1,92,91,1,898.188992
1,94,27,1,21377.645729
1,10,392,1,410115.994211
1,6,534,0,295042.254701
1,12,467,1,0.405643
1,10,476,1,111871.890055
1,22,25,1,333154.375816
1,10,589,1,152132.446948
1,12,10,1,73919.257423
1,12,2,1,3586.986464
1,5,5,0,24355.472305
1,82,2,1,24464.717600
1,74,1,1,3820.429618
1,8,585,0,935.334448
1,10,561,1,0.000000
1,100,350,1,10600.957115
1,5,683,0,508097.878510
1,26,82,0,56364.851623
1,6,656,0,0.030647
1,28,425,1,172921.038285
1,20,23,1,29635.864134
1,32,446,1,277999.315297
1,11,1023,0,150369.280121
1,60,35,1,316422.285842
1,10,1953,1,25344.883563
1,5,578,0,581554.685338
1,21,13,0,223883.082921
1,18,192,1,149654.752474
1,12,794,1,12.022791
1,6,13,0,14551.019802
1,10,605,1,12741.061770
1,10,543,1,6380.229875
1,5,546,0,63062.903571
1,26,33,1,141332.767676
1,4,2,1,54100.994598
1,120,2,1,32724.248985
1,10,15,1,125389.177172
1,5,36,0,564106.035976
1,10,595,1,62544.826376
1,58,17,1,164810.789089
1,5,535,0,29100.266139
1,10,494,1,79609.973494
1,42,2,1,541728.888165
1,13,157,0,304855.607067
1,9,2,0,85264.746354
1,10,103,1,49483.718323
1,5,550,0,163143.316623
1,5,517,0,896.189232
1,17,15,0,209873.161160
1,19,821,0,57264.884454
1,19,866,0,207605.143450
1,6,44,0,26379.333718
1,20,40,1,127500.950610
1,10,36,1,7189.038248
1,148,9,1,260014.585192
1,14,592,1,17898.734343
1,12,54,1,33028.389209
1,16,702,1,89567.192513
1,13,681,0,60826.877424
1,9,10,0,202194.305980
1,7,70,0,148138.398111
1,60,1761,1,0.000000
1,62,339,1,4864.053669
1,12,515,1,522672.692605
1,30,10,1,99985.563338
1,13,12,0,380837.996967
1,46,4,1,83177.085944
1,32,923,1,267160.761855
1,7,658,0,14523.599138
1,14,446,1,18800.287766
1,8,1,1,24922.821474
1,16,140,1,356751.923356
1,136,1,0,163105.154495
1,5,660,0,212102.816452
1,5,515,0,113391.159561
1,10,548,1,602052.833353
1,86,111,1,108857.266084
1,5,1067,0,368945.878034
1,8,703,1,517411.089399
1,10,643,1,20613.215989
1,10,523,1,299920.274573
1,9,518,0,21855.705764
1,54,151,1,136816.026458
1,14,736,1,128296.035757
1,77,3,0,335650.579807
1,54,474,1,291071.710142
1,10,632,1,97995.116935
1,10,45,1,10347.180482
1,48,7,1,654973.179554
1,108,1,1,43982.135645
1,8,916,0,442555.048719
1,10,558,1,3319.727201
1,5,566,0,312046.487945
1,22,159,1,457859.602723
1,50,309,1,160652.812352
1,26,5,1,157090.217011
1,22,594,1,124886.249861
1,5,622,0,2114.041664
1,20,310,1,171001.780085
1,6,890,0,25880.248937
1,20,583,1,3141.166867
1,266,61,1,426610.309778
1,10,578,1,468737.132401
1,10,699,1,25896.561177
1,15,392,0,418835.766356
1,18,691,1,124707.237242
1,12,3,1,187820.386958
1,11,574,0,100498.979691
1,26,21,1,79028.298371
1,7,163,0,433085.628654
1,5,512,0,26582.638390
1,26,20,1,121692.055840
1,22,135,1,25506.205864
1,14,106,1,88930.225713
1,10,33,0,260951.565802
1,6,2,0,902.478618
1,48,1,1,367771.656128
1,72,109,1,24231.736549
1,14,411,1,107422.673637
1,13,3,0,164001.181129
1,10,537,1,235.414091
1,34,3,1,110908.217575
1,3,230,0,0.000000
1,5,87,0,22804.725091
1,5,31,0,154630.336331
1,12,796,1,107449.687769
1,10,255,1,337558.411093
1,10,15,1,200174.425445
1,4,48,0,12644.326170
1,15,365,0,292668.122239
1,30,8,1,197053.417945
1,12,529,1,21998.060660
1,6,584,0,304026.024087
1,10,37,1,10319.663969
1,5,734,0,15065.757790
1,10,650,1,438556.413501
1,2,299,0,713821.152515
1,11,150,0,78963.268221
1,60,14,1,447397.846444
1,6,210,0,286467.125063
1,6,529,0,83754.994852
1,7,547,0,1124.818747
1,23,119,0,293109.701802
1,10,3,1,45671.403389
1,27,29,0,56033.802722
1,2,11,1,336810.973255
1,10,519,1,4047.395853
1,92,238,1,325963.609638
1,5,537,0,79118.995876
1,22,71,1,662224.381787
1,10,692,1,160928.623428
1,6,60,0,313419.739010
1,12,144,1,449734.227493
1,10,232,1,99303.605550
1,10,12,1,26583.842985
1,60,256,1,7320.270024
1,28,17,1,1736.348181
1,10,24,1,2089.690341
1,10,301,0,142840.149952
1,74,21,1,105.236088
1,26,27,1,0.000000
1,5,418,0,48822.433191
1,90,48,1,25714.700176
1,10,2,1,37440.795649
1,8,33,0,91168.483350
1,80,469,1,251289.256709
1,5,504,0,244410.013551
1,44,33,1,61021.456917
1,5,3,0,106972.870000
1,12,589,1,3793.019850
1,36,184,1,15312.744090
1,12,20,1,40744.315051
1,6,676,0,10441.779792
1,5,817,0,391183.979733
1,150,24,1,194474.476261
1,15,236,0,38598.898516
1,30,194,1,455338.793706
1,22,1205,1,24908.070246
1,5,595,0,25583.127305
1,8,214,0,137526.849260
1,54,182,1,46378.954175
1,22,588,1,1288.231917
1,2,55,1,24176.201967
1,6,492,0,110850.684239
1,14,557,1,515459.592907
1,12,236,0,21723.732608
1,20,716,1,90810.071221
1,52,23,1,132575.806825
1,10,51,0,746.710355
1,14,40,1,10481.541426
1,15,12,0,367542.505455
1,42,526,1,364845.773289
1,10,518,1,205474.257590
1,10,42,1,31120.041921
1,8,53,0,4027.041108
1,12,584,1,127889.315037
1,9,653,0,543458.744509
1,10,537,1,114636.020703
1,6,338,0,97528.640935
1,5,34,0,1220.188840
1,26,81,1,22820.846358
1,22,28,1,679400.025495
1,70,72,1,9834.702329
1,12,50,1,103057.082809
1,5,559,0,15935.899124
1,134,17,1,2675.136776
1,16,648,1,146886.300752
1,7,56,0,38407.669810
1,5,66,0,13325.717469
1,10,22,1,306343.113394
1,5,259,0,104897.708405
1,46,121,1,270182.145979
1,28,1712,1,303990.680193
1,2,654,0,355.469853
1,18,1,1,1159.205217
1,20,462,0,816.856538
1,11,519,0,13717.999513
1,10,470,1,172793.574224
1,4,1145,0,344953.594274
1,10,532,1,15303.100981
1,10,24,0,72202.830964
1,50,11,1,30808.041938
1,178,6,1,6739.835925
1,5,6,0,39033.208143
1,28,1,1,707.997216
1,5,614,0,80236.164633
1,34,24,1,229727.653606
1,18,72,1,1917.556702
1,5,527,0,33317.533169
1,10,65,1,449725.986462
1,7,515,0,203602.167689
1,18,4,0,21083.123526
1,10,2,1,25180.729475
1,10,544,1,426536.046639
1,6,521,0,53580.583220
1,18,258,1,128704.499915
1,5,550,0,94314.389124
1,10,15,1,1960.608188
1,12,1,1,154283.972962
1,106,127,1,420125.481316
1,36,1573,1,49881.880308
1,8,33,0,96293.431539
1,16,24,1,1278.788134
1,5,28,0,196230.996043
1,6,17,0,26611.021986
1,5,551,0,132340.287965
1,134,51,1,345.442210
1,5,492,0,16904.743496
1,5,45,0,2750.685568
1,10,512,1,319058.394557
1,18,8,1,9631.145992
1,28,224,1,140834.898805
1,28,331,1,100266.061447
1,10,714,1,14345.029371
1,6,353,0,180031.813775
1,10,1775,1,27675.073575
1,12,766,1,489437.565864
1,12,774,1,505318.938414
1,5,2,0,328140.376182
1,10,617,1,4353.748382
1,32,536,1,141249.713322
1,10,503,1,32119.089449
1,5,732,0,158573.277702
1,22,102,1,78599.583341
1,6,7,0,87988.620939
1,40,2,1,203533.047539
1,9,36,0,75967.018101
1,16,594,1,131376.395653
1,45,19,0,383883.630743
1,24,70,1,66515.139894
1,8,528,0,5028.592900
1,6,607,0,201711.045530
1,12,1,1,32237.194345
1,16,348,1,403645.161051
1,10,540,1,216560.245055
1,26,4,0,277571.883581
1,9,573,0,10774.831919
1,16,773,1,7982.349012
1,10,8,0,271647.265051
1,10,560,1,19295.389524
1,10,197,1,308128.375827
1,5,5,0,686871.164213
1,246,45,1,28438.251358
1,5,22,0,18336.851124
1,36,1041,1,4129.602319
1,70,129,1,183056.976436
1,96,1,1,126758.718095
1,72,6,1,359386.967641
1,32,49,1,124083.062843
1,10,488,1,47991.380777
1,5,15,0,2290.062215
1,20,90,0,2775.125108
1,48,107,1,5201.856565
1,12,605,1,432114.669769
1,166,36,1,87.294246
1,20,1,1,200429.114104
1,16,76,1,80186.243022
1,5,81,0,88893.098085
1,16,34,1,219044.217445
1,72,182,1,43301.793678
1,5,382,0,158210.148308
1,26,577,1,207641.813179
1,11,16,0,23747.637875
1,18,3,1,235221.833612
1,20,37,0,146972.253178
1,10,13,1,121713.585092
1,38,43,1,459083.725702
1,10,818,1,2763.175337
1,20,324,1,7657.150565
1,40,9,0,82441.664165
1,10,879,1,267337.600058
1,5,512,0,69409.224697
1,10,518,1,266830.231165
1,82,10,1,13734.581654
1,46,1,1,247505.613449
1,12,561,0,410622.478522
1,5,120,0,50887.958780
1,62,18,1,84009.881965
1,5,386,0,11088.663981
1,5,573,0,51518.705363
1,10,52,1,12258.289909
1,7,706,0,61624.785094
1,10,370,1,30766.866229
1,11,603,0,154748.452340
1,64,14,1,816.691359
1,28,78,1,95457.985319
1,22,333,1,542.898963
1,132,35,1,346230.103744
1,5,6,0,18630.112857
1,10,1025,1,122679.442834
1,6,1050,0,35197.654096
1,5,7,0,20459.170839
1,24,125,0,109975.545424
1,10,547,1,17621.737555
1,5,504,0,0.760189
1,10,935,1,695048.429972
1,14,9,1,228698.253967
1,54,7,1,586089.301937
1,520,365,1,12781.823566
1,5,480,0,16415.554174
1,5,14,0,32032.760273
1,12,74,1,2902.821438
1,10,43,1,922.225760
1,44,4,1,399095.956726
1,5,23,0,388285.401914
1,10,3,1,54324.573080
1,13,16,0,439915.071751
1,5,821,0,170876.038809
1,24,609,1,109280.241630
1,28,15,1,2023.911757
1,10,736,1,212221.546229
1,74,69,1,13248.914735
1,22,19,1,148032.899230
1,5,593,0,9631.185623
1,5,566,0,330784.976188
1,8,309,1,6914.716539
1,2,596,0,496035.316964
1,58,505,1,66918.044149
1,522,1,1,6273.534835
1,6,2925,0,592880.816185
1,5,4,0,224833.423586
1,5,529,0,71178.984193
1,5,640,0,2751.777938
1,44,584,1,114528.324569
1,6,586,0,572969.894701
1,6,536,0,33980.173288
1,10,121,1,10614.002201
1,48,2,1,18188.890537
1,24,58,1,2319.277815
1,82,186,1,41939.829313
1,9,8,0,28928.541569
1,14,18,1,866.429702
1,6,710,0,39936.321662
1,120,1582,1,77.019039
1,50,3931,1,3742.261614
1,14,531,1,5415.032907
1,6,307,0,201854.089687
1,14,623,1,160206.891792
1,12,566,1,66944.897330
1,44,1113,1,214490.272988
1,34,3,1,122938.915282
1,14,197,1,271481.210357
1,124,142,1,3524.368687
1,6,586,0,15587.704973
1,10,160,1,183155.308179
1,128,15,1,20330.691391
1,58,117,1,37943.051151
1,10,640,1,440133.527946
1,22,527,1,103461.556098
1,62,59,1,1787.070232
1,5,634,0,113632.755227
1,64,8,1,374992.876419
1,10,17,1,57288.052003
1,10,501,0,28988.051915
1,10,750,1,90817.167790
1,10,57,1,255497.796750
1,14,5,1,56267.326363
1,20,596,1,184656.775038
1,25,424,0,503872.441948
1,10,211,1,5250.073917
1,90,3,1,15521.972676
1,92,20,1,19265.718859
1,14,24,1,66384.985301
1,4,580,0,3378.408915
1,16,3757,1,11151.499104
1,20,603,1,542116.380699
1,10,485,1,14976.598044
1,5,543,0,350190.955974
1,5,521,0,163796.337682
1,34,1,1,90559.304997
1,10,118,1,26392.566562
1,10,770,1,198617.213964
1,6,550,0,78871.500218
1,56,915,1,195440.351236
1,10,1,1,13645.399284
1,5,576,0,10771.522211
1,52,22,1,220304.915197
1,64,1285,1,1418.146579
1,6,633,0,3689.446253
1,10,472,1,136871.340435
1,12,91,1,38066.320478
1,34,581,1,358400.685642
1,5,523,0,62452.499495
1,24,512,1,377082.227486
1,24,585,1,49.558715
1,12,543,1,23275.386596
1,10,555,1,349.258290
1,12,1,1,8017.487935
1,8,20,0,12792.567273
1,20,36,1,14237.699234
1,5,18,0,331014.142032
1,62,320,1,4315.249468
1,10,626,1,906.017423
1,10,549,1,56996.920639
1,10,667,1,86491.533161
1,30,135,1,109.760180
1,5,572,0,50261.929311
1,5,558,0,96274.165110
1,14,595,1,3201.084626
1,9,228,0,23146.384295
1,9,591,0,17932.087957
1,2,81,1,89973.668751
1,6,515,0,7040.116632
1,10,350,1,250854.580403
1,5,207,0,293703.473110
1,14,532,0,12910.792147
1,22,1,1,171823.851971
1,20,715,1,46584.905847
1,2,1,1,597.841778
1,37,7,0,63.476847
1,5,530,0,3790.151445
1,78,780,1,33457.029068
1,74,185,1,2162.522828
1,10,565,1,519313.420513
1,16,705,1,97065.494657
1,25,3,0,43423.988198
1,33,1,0,350166.119008
1,10,40,0,373973.458212
1,21,6,0,700950.355037
1,73,65,0,109435.790637
1,10,488,1,23088.794872
1,38,114,1,246059.187870
1,6,549,0,89990.775266
1,84,517,1,161956.613961
1,10,676,1,37929.107524
1,8,735,0,135898.506414
1,12,569,1,169228.142441
1,46,7,0,180920.725123
1,5,566,0,28695.818917
1,10,425,1,2614.589045
1,13,141,0,39.230984
1,5,4,0,4548.060229
1,8,420,0,682052.396789
1,10,388,0,42160.520658
1,138,76,1,132.449292
1,5,122,0,162279.660739
1,5,162,0,2935.951843
1,28,4,1,46409.925414
1,44,41,1,902.888849
1,5,845,0,79867.164252
1,10,496,1,168144.787910
1,5,30,0,245761.432019
1,10,74,1,632477.474911
1,6,523,0,107698.332941
1,10,486,1,167849.348302
1,22,1,1,304621.743975
1,6,821,0,696538.343855
1,10,615,1,360490.552571
1,52,6,1,186082.026067
1,5,26,0,13826.793372
1,10,545,1,28260.411278
1,2,10,0,0.000000
1,48,48,1,84636.405185
1,54,2,1,1923.940717
1,26,8737,1,182845.806671
1,14,297,1,26359.688760
1,10,692,1,4385.052983
1,14,1,1,150211.677917
1,82,105,1,515716.610021
1,5,569,0,87852.324138
1,76,35,1,83459.504000
1,44,22,1,431336.794387
1,5,9,0,1100.203740
1,5,520,0,369600.698827
1,14,531,0,398258.439637
1,52,99,1,86359.204979
1,10,515,1,161026.642617
1,11,159,0,10597.596944
1,28,241,1,275450.383262
1,10,128,1,12804.815826
1,48,18,1,127924.117844
1,9,599,0,1786.898576
1,2,3,1,128068.688907
1,7,39,0,292157.697382
1,5,569,0,42729.797932
1,22,591,0,669235.179541
1,5,516,0,492.992311
1,18,204,0,509185.375470
1,10,691,1,6417.139806
1,5,517,0,49455.837166
1,4,701,0,8863.257795
1,10,2296,1,422233.182470
1,2,97,1,448205.872190
1,5,2,0,48442.847195
1,8,583,0,77918.975937
1,31,589,0,443604.953649
1,10,249,1,70516.743811
1,14,4,1,91213.000615
1,10,635,1,67356.483062
1,58,1668,1,6073.893007
1,18,766,1,461421.892294
1,6,565,0,167137.616640
1,12,14,1,203589.670256
1,2,2,1,76002.386349
1,10,837,1,48119.954115
1,10,525,1,9721.221515
1,42,14,1,1057.409812
1,30,388,1,258920.563896
1,20,821,1,34305.695842
1,10,394,1,110405.407602
1,29,157,0,4443.753455
1,5,1,0,554212.248163
1,20,105,1,10309.956278
1,7,218,0,4264.795508
1,6,541,0,37046.791927
1,40,6,1,18378.674472
1,38,13,1,26214.592181
1,34,88,1,68750.958129
1,12,3,1,101601.044625
1,10,20,1,29506.015660
1,10,327,1,8131.695822
1,10,3,1,52778.307026
1,43,30,0,483047.123981
1,28,200,1,300248.906402
1,32,16,0,307391.244579
1,26,3,1,3383.980491
1,54,1990,1,497181.634152
1,54,31,1,437208.423514
1,68,3,1,476610.341856
1,6,572,0,3.130817
1,5,532,0,135183.991292
1,58,169,1,123069.928043
1,7,585,0,1134.368530
1,12,150,1,59705.591871
1,44,26,1,764.442312
1,5,544,0,8782.914296
1,34,1225,0,252936.451176
1,5,591,0,4953.186013
1,56,33,0,276.680447
1,8,9,1,250771.990182
1,12,566,1,151798.677772
1,5,640,0,42180.735326
1,10,14,1,9031.833798
1,12,65,0,470762.043009
1,10,15,1,78423.645125
1,5,579,0,1821.785616
1,22,10,1,340701.779619
1,10,571,0,40811.843141
1,22,8,1,117349.789100
1,28,10,1,196568.049417
1,10,699,1,273279.023030
1,62,9,1,5468.405019
1,11,17,0,401774.548644
1,112,228,1,386134.236241
1,52,61,1,563511.726538
1,5,784,0,27020.277807
1,10,647,1,1237.345419
1,10,4,1,1858.591004
1,10,454,1,187989.122019
1,4,577,0,43632.628908
1,10,694,1,229372.995117
1,10,523,0,515646.388071
1,86,204,1,3935.015017
1,16,2,1,253270.574543
1,346,44,1,7619.988600
1,48,2538,1,0.000000
1,28,156,1,561955.645822
1,6,2,0,81963.596615
1,50,387,1,74.482364
1,19,106,0,242161.690961
1,10,490,0,112629.253515
1,7,521,0,179252.089489
1,10,567,1,260501.495062
1,10,635,1,6518.152969
1,16,367,1,160520.432193
1,46,38,0,0.000000
1,7,467,0,458942.549013
1,20,754,1,96107.462141
1,5,170,0,141687.208871
1,5,34,0,278348.517931
1,12,62,1,385143.772595
1,20,41,1,276165.165165
1,32,696,1,346501.275299
1,5,514,0,56883.550309
1,5,564,0,19105.191359
1,14,6,1,275930.778912
1,34,16,1,113598.537703
1,60,122,1,125577.139173
1,52,720,1,58282.152899
1,46,35,1,213983.318018
1,38,8,1,177463.692689
1,30,530,1,176787.083519
1,6,524,0,3.351307
1,42,1,1,286974.212216
1,11,30,0,232511.506449
1,74,299,1,15296.421037
1,13,234,0,138281.540762
1,37,62,0,430594.828160
1,32,228,1,1067.212656
1,32,662,1,30649.455610
1,7,614,0,112422.544779
1,19,311,0,53082.773393
1,5,732,0,68218.028950
1,14,528,1,444365.529298
1,14,456,1,82802.515457
1,5,602,0,119350.126944
1,10,334,0,544517.948359
1,58,478,1,327062.458908
1,5,546,0,153075.228082
1,5,608,0,181850.792620
1,42,47,1,203043.077919
1,38,2,1,13660.890975
1,6,755,0,69859.526656
1,10,766,1,365143.516934
1,8,1229,1,2233.403940
1,72,605,1,27325.388680
1,30,5,1,59198.662724
1,10,35,1,11780.072427
1,5,544,0,62610.138655
1,10,498,0,92564.464077
1,16,1510,1,0.000000
1,444,193,1,14146.178736
1,41,589,0,171867.941830
1,10,2,1,27136.975663
1,10,534,1,3039.986344
1,4,51,0,219743.336940
1,5,16,0,11661.571041
1,5,13,0,56902.195237
1,10,575,1,34508.208693
1,12,530,1,1582.021182
1,20,16,1,15403.505422
1,40,624,1,124692.898330
1,8,563,0,1302.136100
1,26,880,1,8655.617386
1,10,541,1,17623.432302
1,10,594,1,240359.162058
1,10,599,0,89716.313403
1,6,516,0,7846.098978
1,8,119,1,24811.296776
1,14,35,1,329795.202013
1,26,208,1,4893.771687
1,6,597,0,25503.005153
1,10,520,1,483001.684074
1,22,286,1,502578.938268
1,5,601,0,22548.536504
1,4,631,0,24701.973664
1,16,96,0,153726.775472
1,60,406,1,300065.176027
1,10,1058,1,8051.157330
1,14,438,1,99128.637482
1,5,561,0,27353.818293
1,116,31,1,72132.141264
1,54,28,1,194245.356944
1,10,568,1,6522.833617
1,10,786,1,381259.253408
1,54,1,1,204.144736
1,5,762,0,63038.611731
1,54,673,1,12661.560736
1,19,10,0,169957.314729
1,56,42,1,239560.236077
1,6,1,1,7054.709565
1,22,728,1,11523.372519
1,4,74,0,36414.761884
1,10,670,1,236480.127177
1,14,12,1,393635.871402
1,9,8,0,1315.546486
1,14,73,0,377144.524408
1,38,1033,1,135168.821015
1,8,319,0,119038.546594
1,10,533,1,23845.114304
1,10,27,1,53487.568927
1,7,20,0,5098.397565
1,24,173,1,250459.346300
1,5,546,0,566954.827384
1,10,548,1,193195.804228
1,40,155,0,79754.841108
1,5,3,0,277169.702281
1,74,111,1,70071.034987
1,10,543,1,535.378909
1,14,524,1,28995.576129
1,10,612,1,417682.159075
1,5,350,0,436877.247014
1,1,13,0,295.752210
1,10,737,1,220607.453399
1,92,3,1,1787.815591
1,22,694,1,119255.984961
1,5,721,0,3623.316464
1,10,928,1,1155.293070
1,9,539,0,136802.127172
1,36,43,0,231602.145144
1,6,731,0,718.979985
1,14,2,1,4499.163264
1,8,1,1,6846.148096
1,10,74,1,76179.146512
1,14,516,1,112867.544396
1,14,10,1,31299.720783
1,1,65,0,12941.672470
1,154,13,1,14104.513553
1,5,557,0,9039.963989
1,4,551,0,37783.991188
1,10,903,1,268130.843462
1,5,511,0,49148.103729
1,20,9,1,100635.732899
1,5,2,0,221061.549941
1,10,6,1,27582.960783
1,28,398,1,90300.320448
1,26,597,1,2293.237742
1,15,2,0,76348.913564
1,10,453,0,124962.578742
1,6,576,0,118184.000075
1,6,175,0,177.546479
1,16,675,0,447041.685047
1,162,22,1,50592.669420
1,54,1,1,4363.609284
1,5,181,0,544781.259807
1,42,6,1,609061.032065
1,26,1,1,76646.871491
1,10,607,0,23277.164141
1,36,617,1,17339.321147
1,14,31,1,8316.404215
1,28,8,1,65260.716107
1,82,5,1,1181.708519
1,36,35,1,221113.213478
1,174,25,0,54933.756534
1,10,692,1,1841.775783
1,10,20,1,3263.058176
1,22,529,1,412489.246054
1,72,28,1,136037.798431
1,12,556,1,120588.175238
1,4,172,1,291.792447
1,10,552,0,87099.547917
1,5,531,0,11.933607
1,22,2,1,410.769456
1,407,310,0,3745.946201
1,5,13,0,12025.589495
1,2,139,1,743564.250851
1,6,519,0,68.601398
1,14,582,1,50699.148541
1,4,6,0,691996.716940
1,10,512,1,21741.497011
1,8,19,1,388228.985298
1,34,513,0,53767.698554
1,5,468,0,66196.431349
1,28,15,1,99511.576637
1,6,9,0,57236.643936
1,12,5,1,254847.864122
1,10,891,1,62451.472958
1,34,131,0,25.623454
1,5,535,0,44472.005476
1,5,43,0,56006.601920
1,24,10,0,184.600253
1,10,1257,1,4666.467741
1,8,45,1,101642.244957
1,148,366,1,1355.017242
1,102,3,1,197265.618139
1,64,80,1,300379.010599
1,54,37,1,23351.210026
1,38,750,1,482190.558529
1,6,8,0,229707.141244
1,16,568,1,393915.284406
1,12,1532,1,15666.279634
1,30,10,1,197329.088169
1,24,291,1,112420.351518
1,6,629,0,7605.734129
1,12,5,1,103959.328197
1,5,148,0,353863.804163
1,10,7,1,79316.441227
1,5,551,0,292212.924750
1,10,540,0,135212.830766
1,22,6,1,455101.181694
1,42,5,1,97905.604907
1,14,1,1,38978.539028
1,5,687,0,41159.671746
1,5,11,0,16405.316566
1,11,532,0,56213.053552
1,5,34,0,208924.890275
1,60,6,0,605661.521937
1,5,27,0,9030.971431
1,326,1024,1,260.468399
1,76,455,1,160.705114
1,44,18,1,53034.427700
1,26,14,1,479645.836097
1,12,1,1,25280.344036
1,11,502,0,45608.505252
1,10,678,0,113501.205337
1,6,22,0,64136.270185
1,10,563,1,1.130341
1,70,55,1,320380.241700
1,22,22,1,336430.639498
1,9,639,0,1313.531871
1,16,81,1,237449.691838
1,5,256,0,2954.147959
1,17,388,0,483047.101818
1,5,516,0,60640.334265
1,42,778,1,14053.360085
1,10,616,1,192988.729046
1,8,588,0,137719.771678
1,5,548,0,89904.180338
1,22,43,1,103865.180804
1,56,666,1,144518.022577
1,228,266,1,469.664761
1,14,498,1,4465.500930
1,12,216,1,7703.321077
1,36,25,1,191893.643269
1,10,665,1,299114.500284
1,12,565,1,576.931816
1,10,14,1,105590.243323
1,10,534,1,10549.553565
1,4,217,0,47747.312415
1,13,538,0,25161.040179
1,5,651,0,498175.643359
1,7,18,0,68753.435777
1,10,169,1,134116.287724
1,20,678,1,33648.738521
1,12,678,0,569376.250114
1,28,83,1,9739.454253
1,10,610,1,220.399354
1,42,1,1,165571.416806
1,16,424,1,272238.187414
1,14,546,0,13462.402301
1,12,534,1,3017.280141
1,14,559,1,153295.888418
1,50,19,1,123973.581650
1,5,750,0,9341.517625
1,32,83,1,3590.518092
1,4,102,0,126768.988936
1,5,504,0,104957.373529
1,16,506,1,30782.196455
1,22,7,1,262017.812843
1,27,323,0,38890.635487
1,17,14,0,222099.483630
1,116,1,1,60382.387993
1,5,547,0,12191.765827
1,50,1,1,878.066010
1,10,558,1,8526.378216
1,3,13,0,843.884925
1,36,15,1,36116.427151
1,10,17,1,75495.596935
1,94,38,1,1447.457192
1,10,5,1,45003.825455
1,76,782,1,231651.436488
1,4,14,1,1045.851315
1,10,1,1,17227.513990
1,32,743,0,281.310582
1,12,562,0,24629.410460
1,5,468,0,442620.785949
1,12,632,1,6644.955091
1,4,77,1,0.549924
1,10,755,1,196627.955240
1,18,7,1,26395.415424
1,52,317,1,34185.000527
1,34,21,0,24433.309437
1,5,64,0,105759.579582
1,30,180,1,3110.629764
1,5,516,0,6272.730398
1,10,709,1,88277.385142
1,10,10,1,44179.489282
1,5,783,0,514675.727504
1,6,571,0,180387.312478
1,12,548,1,388055.235731
1,5,559,0,96125.226140
1,5,770,0,592706.113349
1,20,26,1,124776.047469
1,10,88,1,49997.774414
1,10,501,1,63082.747777
1,5,202,0,392796.632397
1,12,561,1,1433.074114
1,5,612,0,22695.385692
1,10,978,1,20387.573138
1,48,4,1,129.479481
1,4,591,0,11058.803437
1,22,1,1,141666.795934
1,54,18,1,228667.417100
1,12,543,1,1465.357288
1,10,2,1,407624.360451
1,112,29,1,22534.158931
1,86,1067,1,4035.452077
1,5,194,0,66591.346517
1,5,677,0,209514.459103
1,8,1,1,48583.117766
1,5,952,0,1840.732177
1,10,1259,1,18893.040361
1,49,756,0,187642.490198
1,20,731,1,107957.632701
1,5,646,0,54123.119910
1,5,1238,0,23852.516592
1,10,556,0,136488.218250
1,46,1,0,273059.367123
1,102,452,1,2704.372484
1,8,37,1,0.145210
1,26,32,1,51.528661
1,22,6,0,117.861898
1,12,4,1,190750.242702
1,11,522,0,119014.471599
1,16,160,1,74336.314887
1,12,995,1,68505.621866
1,10,530,1,370403.660800
1,7,534,0,111869.818419
1,10,192,1,12385.381903
1,6,551,0,7135.710864
1,56,45,0,82893.106192
1,5,817,0,51693.409844
1,42,9,1,485.718968
1,5,550,0,134827.917695
1,36,37,1,2675.760359
1,196,50,1,13687.898809
1,10,10,1,22668.710634
1,6,581,0,293620.354809
1,5,694,0,378166.890890
1,10,619,1,23716.054555
1,38,28,1,160663.500780
1,7,529,0,81043.785053
1,9,57,0,363715.265792
1,7,11,0,437959.411159
1,42,17,1,193046.226671
1,10,530,0,112224.257851
1,5,605,0,43628.015422
1,422,56,1,197.830988
1,10,78,1,228595.073095
1,12,536,0,433127.220993
1,68,732,1,27508.966332
1,7,25,0,9.015636
1,14,129,1,8090.576376
1,5,5,0,5546.839131
1,10,40,1,8117.090691
1,5,158,0,26923.922225
1,23,5,0,210254.021803
1,44,1,0,26724.874078
1,31,18,0,170798.130602
1,5,2,0,151940.278620
1,6,183,0,121926.714315
1,32,3,1,52456.156003
1,10,623,1,80127.525802
1,12,1,1,317129.683895
1,12,950,1,7945.078185
1,5,272,0,705200.589159
1,66,18,1,1249.720799
1,34,54,1,18821.882577
1,10,271,1,56419.305197
1,6,34,0,96212.366463
1,5,500,0,91361.281134
1,38,539,1,321699.592152
1,5,28,0,68285.332903
1,5,570,0,225264.016753
1,20,544,1,916.050514
1,18,32,1,279924.447783
1,6,239,0,51721.947058
1,7,240,0,474719.433319
1,5,514,0,76945.014497
1,84,38,1,3902.623112
1,110,152,1,465.896735
1,2,22,1,907.585485
1,5,628,0,48347.043851
1,16,7,1,605774.405127
1,12,1346,1,285924.798277
1,4,1,1,203227.076970
1,5,628,0,25244.624461
1,6,1789,0,296829.001265
1,10,594,1,30691.342835
1,6,62,0,29212.636533
1,10,574,1,15911.645707
1,24,820,1,294430.355385
1,46,33,1,48868.757409
1,42,475,1,2542.206898
1,7,29,0,357340.316882
1,9,16,0,137549.381347
1,29,52,0,18182.488640
1,10,5,0,375.380734
1,10,529,0,118462.104289
1,34,240,1,196655.549584
1,10,119,1,17.141513
1,5,1077,0,39994.895447
1,50,12,1,163018.703512
1,131,7,0,187529.078054
1,8,553,1,129778.106332
1,5,704,0,186714.971310
1,5,544,0,265493.184564
1,8,497,0,4348.051520
1,10,513,1,201015.039444
1,32,1271,1,36735.939366
1,5,571,0,22978.000610
1,7,3,0,7813.036737
1,6,87,1,241303.513585
1,66,748,1,129969.970929
1,7,147,0,602659.055632
1,39,20,0,181252.829322
1,30,33,1,16317.693748
1,7,583,0,12831.158699
1,10,46,1,349834.737323
1,14,35,1,332188.705576
1,16,12,1,222797.261493
1,7,2,0,539291.332560
1,5,2,0,28219.147046
1,6,634,0,7708.907886
1,11,523,0,174859.041989
1,5,219,0,0.065097
1,6,699,0,28294.718989
1,9,562,0,22722.666081
1,10,668,1,268566.613436
1,10,520,1,244766.238704
1,4,374,0,90970.330265
1,13,1008,0,60012.476011
1,30,396,1,126031.880254
1,22,89,1,61171.580334
1,5,558,0,663460.093136
1,12,1054,1,113673.718422
1,25,661,0,35050.422830
1,5,557,0,159507.653573
1,5,541,0,11522.739600
1,80,20,0,177337.791099
1,8,57,1,250667.263597
1,14,554,1,1900.542452
1,22,9,0,235180.818445
1,22,62,1,122820.964504
1,10,633,1,15722.665609
1,18,828,1,40689.592330
1,18,37,1,194227.950644
1,448,12,1,93.150294
1,14,617,1,37572.067958
1,5,7,0,348049.066954
1,98,258,1,8211.934748
1,32,66,1,192068.776413
1,12,613,1,174476.122129
1,5,95,0,43064.786914
1,16,770,0,1065.177586
1,5,266,0,2327.244405
1,34,559,1,291193.182058
1,26,147,1,342632.908578
1,6,521,0,267.207887
1,12,7,0,532713.399195
1,28,56,1,303069.794902
1,10,1,0,401798.268504
1,38,35,0,111043.257869
1,175,17,0,313524.368265
1,4,524,0,4016.433701
1,5,456,0,36647.902229
1,5,933,0,121718.311744
1,122,7,1,103605.679331
1,5,586,0,289914.432571
1,7,463,0,1342.884601
1,5,22,0,58630.925513
1,30,50,1,370120.992309
1,32,99,1,312954.752085
1,44,5,1,213470.033566
1,28,639,1,497481.596428
1,14,523,1,101220.299278
1,16,30,1,602975.359390
1,2,71,0,1862.525726
1,10,623,1,13835.229474
1,5,551,0,4588.069586
1,21,313,0,203718.963629
1,102,2218,1,29944.385822
1,5,568,0,33982.947081
1,20,634,1,144898.576814
1,6,308,0,669139.890502
1,10,619,1,74541.561959
1,6,651,0,34081.398546
1,5,533,0,2276.820710
1,14,1945,1,82240.225204
1,16,1933,1,68618.618159
1,132,583,1,28791.088879
1,28,14,1,27191.953278
1,6,561,0,168943.576025
1,22,24,1,453618.177445
1,18,629,1,269919.887123
1,5,98,0,9115.510258
1,28,1023,1,5820.912226
1,34,78,1,707631.355274
1,5,25,0,181109.804218
1,5,2,0,64598.096604
1,10,50,1,94296.449367
1,10,9,1,280299.161031
1,26,10,1,315550.672201
1,10,94,1,10548.153027
1,44,32,1,330188.991273
1,10,197,1,34537.698450
1,6,631,0,14939.170312
1,6,24,0,5063.377411
1,10,7,1,541019.516401
1,98,427,1,3594.626756
1,24,4,0,363650.254723
1,28,26,1,243422.018307
1,10,575,1,385885.913660
1,9,109,0,48126.376014
1,20,61,1,289763.873216
1,10,20,1,264347.533271
1,8,5,0,396626.257737
1,5,124,0,705022.609474
1,6,515,0,103776.930398
1,10,74,0,22038.211724
1,5,893,0,146816.211382
1,6,551,0,6447.246635
1,32,178,1,8863.489944
1,12,65,0,23243.016212
1,10,565,1,7549.070015
1,36,20,1,79125.023123
1,5,528,0,589774.140779
1,10,534,0,128592.593336
1,10,13,1,65162.517238
1,34,417,1,51131.271905
1,5,5,0,127763.662625
1,94,60,1,6720.087688
1,28,292,1,265605.473206
1,64,36,1,6053.605488
1,5,561,0,1232.885583
1,5,561,0,0.130198
1,24,33,1,342115.576686
1,6,536,0,33971.888154
1,10,367,1,35166.854718
1,14,5,0,25246.758643
1,10,552,1,119787.080487
1,20,75,1,484410.891254
1,6,532,0,166829.554860
1,5,641,0,66710.927225
1,68,42,1,68113.905450
1,66,83,1,119374.378331
1,30,57,1,560949.495555
1,12,1,1,100766.199780
1,5,546,0,158086.462902
1,7,5,0,20362.428829
1,7,529,0,26811.638308
1,52,13,1,330255.203710
1,7,645,0,1267.139770
1,5,592,0,89632.852330
1,54,7,1,192975.795995
1,5,573,0,4419.004944
1,20,151,1,189598.509489
1,20,487,1,1001.087595
1,24,1779,1,1000.470715
1,42,165,1,397.821447
1,80,13,1,581460.643101
1,15,88,0,305367.314536
1,6,545,0,361191.985632
1,10,582,1,195967.404780
1,12,54,1,77500.350583
1,6,543,0,12413.024090
1,58,62,1,348.969814
1,14,59,1,316208.702940
1,32,31,0,15798.579639
1,5,352,0,341753.484295
1,26,36,1,135189.777424
1,20,1064,1,713940.442318
1,10,584,1,67117.892915
1,10,9,1,441851.330823
1,96,4,1,131317.549844
1,30,46,1,7970.752230
1,10,9,1,372629.230608
1,8,644,1,415548.878325
1,5,891,0,4942.107003
1,10,40,1,746.791038
1,20,500,1,167282.669844
1,5,615,0,217448.727445
1,5,604,0,2255.303615
1,14,1,1,278082.989280
1,2,158,1,782.983248
1,5,733,0,366896.338064
1,4,205,1,4553.749414
1,9,520,0,103576.718087
1,10,589,1,24985.468628
1,48,15,1,467001.991178
1,24,2,1,128.766269
1,11,2,0,43601.594140
1,88,232,1,102826.088651
1,84,497,1,27829.067218
1,5,104,0,10744.568115
1,5,2,0,12043.504736
1,20,5,0,148462.109832
1,6,520,0,27771.158368
1,5,121,0,14605.902046
1,10,54,1,15262.799288
1,10,160,1,3368.384899
1,30,19,1,4658.779364
1,5,773,0,3208.522036
1,110,2,1,7964.172803
1,6,73,1,3644.210953
1,10,12,1,2620.743570
1,6,28,0,61943.190884
1,10,581,0,26848.552164
1,10,587,1,80488.214638
1,66,1229,1,3087.973993
1,24,8,1,213.086942
1,214,71,1,8176.329257
1,44,534,1,128289.905041
1,5,562,0,57992.596337
1,196,4,1,571845.111443
1,32,124,1,168709.441988
1,7,557,0,137640.555554
1,74,2,1,6131.172255
1,40,9,0,73187.771413
1,28,444,1,101473.212196
1,5,591,0,90726.562086
1,5,139,0,41947.979188
1,22,358,1,73392.144210
1,18,58,1,381883.927833
1,20,512,1,839.303939
1,5,19,0,2051.022517
1,31,5,0,78034.793916
1,12,609,1,377231.294055
1,2,11,1,8597.253394
1,10,60,1,3425.436928
1,22,642,1,152226.499928
1,5,529,0,40808.404341
1,10,607,0,0.548511
1,14,7,1,401433.686824
1,5,170,0,743736.713394
1,242,56,1,113366.453121
1,13,361,0,330382.200289
1,24,590,1,21419.707521
1,5,498,0,478705.093076
1,10,707,1,488294.214938
1,24,119,0,13565.274846
1,11,644,0,56118.596073
1,20,448,1,33645.792444
1,5,59,0,352572.571612
1,58,70,1,209348.929535
1,55,34,0,288.892031
1,20,1,1,188930.015704
1,54,20,1,13949.981110
1,10,535,1,47677.766755
1,10,5,1,172891.823298
1,32,1079,1,416779.374231
1,5,609,0,43086.511958
1,8,6,1,2029.163547
1,44,16,1,54955.827976
1,12,502,1,89336.572493
1,7,517,0,11886.660780
1,5,692,0,42503.082785
1,12,195,1,78716.602498
1,5,501,0,777260.113441
1,12,82,1,11566.593975
1,5,559,0,438.263467
1,10,5,1,11857.391460
1,46,210,1,63100.991328
1,26,1,1,5151.250336
1,199,33,0,6.610590
1,5,499,0,154554.717171
1,6,536,0,505514.085397
1,34,106,1,114692.516987
1,58,8,0,138.024588
1,5,547,0,450980.925478
1,10,698,1,18198.508244
1,17,7,0,84216.180478
1,5,519,0,3654.101438
1,10,550,1,0.008812
1,6,523,0,158570.642902
1,4,344,1,375154.240157
1,15,249,0,536307.803252
1,17,386,0,97218.920903
1,20,22,1,169767.252362
1,20,219,1,1184.146298
1,32,1216,1,318641.442818
1,84,28,1,230418.042422
1,10,6,1,3327.911664
1,10,985,0,47242.425479
1,10,6,1,34499.454944
1,10,136,1,497025.329187
1,10,877,1,95689.829722
1,10,4,1,21784.411492
1,4,526,0,69134.109364
1,22,214,1,18906.570066
1,18,1178,0,150656.241180
1,16,245,1,80924.437555
1,192,1057,1,4043.177325
1,5,580,0,70709.149156
1,20,13,1,73276.351861
1,18,25,1,308702.746778
1,70,1269,1,44963.584614
1,16,3,1,216945.553263
1,10,569,1,181718.060367
1,52,409,1,12897.965559
1,5,404,0,62800.467622
1,4,72,0,528089.866648
1,5,890,0,457119.805035
1,7,2,0,272056.763757
1,10,622,0,22176.608904
1,24,570,1,27988.583639
1,4,775,0,247319.211766
1,5,521,0,74615.369137
1,5,409,0,196922.509469
1,8,19,0,49679.825578
1,14,763,1,108797.645481
1,10,495,1,119744.227590
1,10,783,1,1318.345185
1,5,537,0,11199.983295
1,10,476,1,214.286685
1,30,30,1,4289.426819
1,90,24,1,317446.417816
1,12,516,1,23562.799773
1,5,182,0,857.872518
1,12,907,1,366554.679273
1,26,38,1,197.732062
1,10,644,1,761.065349
1,10,69,1,702761.656084
1,28,6,1,3642.251708
1,22,1,1,173314.589750
1,5,639,0,572923.351709
1,5,562,0,0.864778
1,10,678,1,190639.837135
1,10,167,1,230257.589944
1,11,485,0,12481.893234
1,12,676,1,2481.445205
1,60,17,1,64481.777192
1,10,1722,1,49297.149250
1,60,324,1,291613.685035
1,24,526,1,47950.991282
1,546,613,1,22.736580
1,5,615,0,70676.341929
1,27,649,0,214540.151041
1,5,561,0,15056.260502
1,70,982,1,2434.053559
1,13,293,0,899.387291
1,14,187,1,153361.027772
1,12,21,1,11238.580516
1,6,559,0,256746.590238
1,20,557,1,165758.503325
1,62,1,1,81641.653458
1,10,19,1,1318.167310
1,12,580,1,648314.418353
1,5,7,0,1995.313103
1,8,585,1,96808.974770
1,12,520,1,49362.352803
1,12,147,1,3803.851638
1,10,67,1,5547.701703
1,40,92,1,1524.500956
1,5,407,0,102677.662459
1,10,1275,1,121358.476683
1,10,133,1,342426.791076
1,5,565,0,131787.450536
1,6,900,0,181818.872505
1,5,14,0,133378.573752
1,110,15,1,448150.367942
1,5,9,0,6661.042312
1,5,244,0,102125.675339
1,5,798,0,86539.437622
1,52,32,1,23096.253148
1,66,2,1,155887.577775
1,10,348,1,260081.332302
1,10,592,1,5460.463310
1,5,625,0,11355.748274
1,22,117,1,42761.840736
1,139,576,0,368540.271937
1,6,6,1,47958.303567
1,5,628,0,428034.977535
1,10,501,1,301348.141646
1,5,115,0,5260.526233
1,76,39,1,52116.199276
1,13,17,0,62453.278567
1,40,1,1,832.550234
1,25,58,0,157846.477669
1,8,304,1,49297.253161
1,6,591,0,69210.058556
1,52,242,1,138.052394
1,4,614,0,238050.538172
1,10,3,1,183234.667768
1,10,1039,1,310756.058234
1,224,130,1,0.000000
1,10,516,1,31662.626272
1,8,47,1,58.739482
1,10,590,1,55446.570687
1,54,82,0,871.094002
1,106,2,1,259523.932632
1,46,50,1,282639.364432
1,8,561,1,156384.782382
1,5,797,0,49685.046019
1,20,791,1,339590.018199
1,19,22,0,262.283185
1,10,565,1,76920.384630
1,10,35,1,67824.284791
1,10,388,1,564.369171
1,5,505,0,27803.511796
1,26,1935,1,5256.752166
1,10,546,1,7058.283943
1,6,606,0,25977.379999
1,22,383,1,186721.141280
1,13,3,0,333410.861832
1,5,495,0,2747.835489
1,12,2,0,437514.709116
1,8,565,1,171349.716184
1,26,23,1,268362.132338
1,28,298,1,127039.844394
1,7,793,0,364540.295246
1,20,18,1,319871.086718
1,10,422,1,160248.776489
1,28,66,0,20350.274866
1,18,31,1,684349.563742
1,7,617,0,156110.118506
1,12,605,1,12462.338179
1,56,725,1,209066.596819
1,5,3,0,243924.889003
1,5,833,0,250143.937188
1,12,2,1,200197.432731
1,5,594,0,16587.548997
1,5,779,0,23322.275620
1,10,521,1,504513.099000
1,12,835,1,160020.107081
1,6,602,0,63340.516780
1,10,565,1,12867.640664
1,62,3,1,5520.227272
1,20,407,0,49377.676748
1,6,555,0,24522.260522
1,2,205,0,94.272473
1,5,573,0,58641.221339
1,16,20,1,49418.190753
1,16,255,1,64411.075317
1,6,308,1,31085.380875
1,52,14,1,0.000000
1,10,184,1,4219.396678
1,22,22,1,102920.189680
1,44,40,0,86733.053371
1,60,10,1,261583.369531
1,5,217,0,96796.132669
1,5,495,0,264057.524415
1,5,1089,0,22294.958351
1,12,128,1,554960.022153
1,5,586,0,20469.428466
1,10,25,1,227.699056
1,53,7,0,46726.534066
1,5,465,0,129784.921475
1,6,517,0,915.957362
1,94,1037,1,4318.286018
1,80,9,1,122419.989104
1,54,115,1,2264.496300
1,26,4,1,13705.871830
1,26,28,1,21107.907910
1,72,738,1,391840.195336
1,10,630,1,47268.636558
1,8,509,1,5.457403
1,5,41,0,438917.481163
1,36,314,1,262.010140
1,28,301,1,114385.540697
1,17,7,0,2.971949
1,5,960,0,33521.758875
1,10,4,1,65434.379673
1,56,209,1,311764.717670
1,5,31,0,150680.613209
1,76,233,1,243293.980084
1,21,4,0,2069.013321
1,12,485,1,9106.370585
1,28,541,1,231947.003410
1,5,659,0,272989.211397
1,5,663,0,439445.442532
1,9,1252,0,131834.130886
1,8,125,1,2877.026496
1,10,154,1,17248.922607
1,5,1168,0,328159.299395
1,58,14,1,106379.233481
1,22,3,0,41200.029096
1,48,9,1,86.865092
1,28,10,0,170648.796856
1,24,15,1,239589.318663
1,5,520,0,203907.503999
1,6,181,0,17657.919369
1,12,725,0,19380.158565
1,5,440,0,168857.319082
1,5,523,0,60053.295340
1,6,21,0,553607.854777
1,36,1234,1,364.481622
1,10,48,1,176448.530768
1,30,5607,1,2436.529577
1,6,45,0,67.457393
1,6,900,0,32014.759676
1,10,67,1,10943.702932
1,8,590,0,7298.637132
1,10,529,1,44285.231454
1,7,1169,0,19872.331868
1,18,4,1,667217.927702
1,42,2235,1,246801.223873
1,8,558,0,1383.655720
1,20,4,1,49545.784372
1,18,2,0,17791.111152
1,82,336,1,0.819619
1,5,489,0,509130.697996
1,5,613,0,286416.609804
1,4,1083,0,62690.238735
1,56,59,1,258009.323496
1,14,3,1,170170.152352
1,6,5,0,14211.729553
1,5,526,0,347494.566269
1,12,30,1,6811.610638
1,14,627,1,135772.457967
1,52,6,1,287668.194642
1,5,525,0,113265.478330
1,112,8,1,59216.802043
1,32,54,1,123917.921421
1,10,1028,1,89279.459631
1,5,50,0,35.922129
1,78,175,1,248880.638795
1,48,13,1,612474.366774
1,22,17,1,173688.682342
1,10,52,1,13687.528943
1,5,552,0,3045.454732
1,1,22,0,44792.230309
1,100,23,1,189570.816146
1,5,783,0,293059.650455
1,20,118,1,32387.390406
1,6,8,0,100929.418112
1,12,207,1,294298.226461
1,60,15,1,146902.825037
1,14,9,1,1092.838611
1,5,554,0,218356.201809
1,146,1021,1,358.444305
1,5,420,0,10102.333246
1,14,62,1,626.477100
1,32,1747,1,316973.329598
1,24,102,1,208226.010853
1,14,58,1,653461.158223
1,8,217,0,37013.661755
1,9,824,0,281116.770320
1,10,327,1,176854.868969
1,52,414,1,5537.707760
1,6,507,0,376632.923858
1,5,537,0,740221.749151
1,180,80,0,33112.782011
1,5,5,0,3192.345964
1,5,2,0,155763.561687
1,5,577,0,139326.200836
1,58,76,1,219635.590272
1,16,69,1,390617.815510
1,12,2,1,431430.192192
1,12,2,1,1426.135094
1,14,302,1,8057.269506
1,32,559,1,910.672111
1,148,936,1,212520.769273
1,14,562,1,38392.626617
1,25,14,0,329185.976641
1,5,36,0,231596.610734
1,14,669,1,33273.894952
1,5,607,0,20200.869379
1,5,244,0,221194.686010
1,40,5,1,30530.399567
1,42,26,1,553808.401431
1,10,442,1,12003.259720
1,60,514,1,6221.593108
1,92,5,1,45545.190191
1,7,523,0,23899.567074
1,8,79,0,113.804499
1,10,16,1,7355.189222
1,10,572,0,617249.696981
1,80,527,1,379.438703
1,28,21,1,267733.985549
1,16,571,1,10169.323976
1,52,215,1,458290.462310
1,20,5,0,447648.285787
1,10,562,1,170427.626657
1,22,30,1,307.557769
1,5,37,0,180352.981019
1,32,77,1,219160.277594
1,5,572,0,24466.857363
1,5,590,0,117493.712236
1,5,588,0,47972.082592
1,5,930,0,53904.059083
1,94,50,1,442201.773322
1,5,23,0,112206.355404
1,5,29,0,71211.745416
1,8,508,1,17605.780697
1,38,34,0,193393.348401
1,5,840,0,121589.170554
1,56,23,1,265769.372594
1,50,530,0,124.170892
1,22,1297,1,4949.099809
1,18,21,1,424355.336362
1,44,2,1,90462.607811
1,5,505,0,7957.873470
1,7,522,0,151494.142001
1,79,21,0,89390.656081
1,80,82,1,137370.189444
1,24,61,1,59578.457372
1,5,526,0,119565.152038
1,22,200,1,24555.171750
1,86,412,1,226396.639061
1,18,67,1,146647.004853
1,14,4,1,363170.585253
1,6,550,0,51328.937708
1,74,43,1,94057.241749
1,10,23,1,159449.914613
1,856,1,1,2914.426165
1,5,517,0,151613.981275
1,5,46,0,300528.508038
1,224,319,1,31064.620407
1,20,30,1,87.559753
1,20,855,1,203200.960536
1,28,13,1,15171.956670
1,10,6,1,63614.372874
1,6,506,0,426006.289274
1,78,2,1,9199.264424
1,16,491,1,4020.495678
1,5,555,0,305752.675748
1,7,61,0,219123.851409
1,10,780,1,492.622478
1,34,127,1,86063.872864
1,6,573,0,13241.128498
1,12,514,1,19268.216530
1,10,610,1,316807.980905
1,4,185,0,4666.043191
1,10,511,1,148367.187299
1,5,7,0,41253.206735
1,42,189,1,25286.154395
1,5,1,0,519594.624776
1,5,11,0,116351.475476
1,10,608,1,123874.084222
1,6,1268,0,333533.066754
1,5,506,0,319440.394153
1,12,56,1,487231.087235
1,4,1,0,6564.909901
1,12,21,1,119913.667792
1,10,29,0,48278.592410
1,8,37,0,77865.485062
1,24,538,1,77394.107785
1,16,599,1,63002.600140
1,5,561,0,5111.830456
1,5,267,0,625.429352
1,12,753,1,357.899475
1,6,592,0,274142.825159
1,5,671,0,218525.478999
1,5,604,0,522003.501847
1,24,563,1,65030.348106
1,32,38,1,340212.275783
1,10,18,1,48632.998196
1,12,52,1,258968.477162
1,48,576,1,300058.525635
1,10,2,0,110625.032836
1,96,12,1,208030.274967
1,228,460,0,19919.415145
1,10,62,1,2751.684747
1,12,254,1,16417.138161
1,27,3,0,332709.406635
1,18,503,1,393961.546982
1,5,49,0,180814.862430
1,4,12,0,974.986751
1,66,800,1,441183.497911
1,5,7,0,35632.886497
1,52,6,1,89218.473502
1,4,19,0,337.943711
1,15,3,0,2531.918564
1,11,180,0,51089.514822
1,122,7,0,52882.560775
1,5,552,0,151721.807563
1,8,21,0,42743.487931
1,5,57,0,1003.318986
1,6,554,0,3693.693751
1,10,10,0,398746.259256
1,32,3,1,9825.914838
1,5,700,0,181034.285632
1,26,197,1,254883.468098
1,44,12,1,17022.023858
1,6,5,1,28409.602198
1,10,6,0,652161.453757
1,5,513,0,107381.713659
1,5,9,0,442786.731827
1,12,584,1,66620.116293
1,1,100,0,718.287788
1,10,28,1,276861.877792
1,5,8,0,434468.006571
1,16,2570,1,154954.766175
1,5,546,0,54215.225154
1,10,2,1,440720.353197
1,7,586,0,45630.215189
1,12,115,1,289399.141860
1,5,460,0,458478.548207
1,70,10,1,6371.192494
1,5,562,0,73727.990477
1,10,533,1,11336.659546
1,28,185,1,455592.396671
1,30,84,1,283121.906609
1,10,617,0,186534.947792
1,7,110,0,137970.127677
1,6,529,0,85583.580618
1,8,608,0,390688.111310
1,10,2,1,18673.282681
1,14,267,1,384919.105207
1,10,37,1,160192.037413
1,20,1586,1,211531.880791
1,5,30,0,535558.838541
1,10,1193,1,32855.812786
1,64,276,1,28223.626235
1,22,1890,1,140381.910905
1,5,429,0,122135.011257
1,12,39,1,147231.155768
1,32,2,1,579825.906884
1,14,729,1,125966.915607
1,12,583,1,104121.853714
1,5,621,0,116534.473352
1,44,45,1,152607.356595
1,244,128,1,1204.982870
1,10,69,1,151034.279715
1,10,549,1,118188.335837
1,16,818,1,793227.396790
1,62,386,1,5381.351431
1,58,38,1,408951.465589
1,34,37,1,251053.725520
1,5,683,0,60089.465980
1,10,904,1,22442.875599
1,8,19,1,97176.098571
1,14,52,1,9880.849595
1,14,516,1,6824.451509
1,5,569,0,6562.876565
1,26,57,1,8023.508872
1,10,3,1,18.994785
1,5,593,0,43632.776627
1,24,53,1,248.758083
1,5,577,0,12304.990606
1,16,88,1,50183.474405
1,5,600,0,74866.905754
1,5,529,0,30366.268746
1,10,840,1,276394.885119
1,8,7,1,367762.348531
1,6,562,0,638116.506150
1,5,533,0,252321.495480
1,58,440,0,199363.013286
1,10,645,1,78187.781925
1,5,47,0,62431.176733
1,4,525,0,33018.667427
1,3,631,0,11.800522
1,5,557,0,36505.673506
1,12,79,1,64690.213631
1,10,212,1,250076.233455
1,14,428,1,463559.129026
1,10,542,1,30255.436315
1,32,15,1,361115.403347
1,10,1,1,233400.631533
1,20,534,1,123592.020891
1,2,55,1,487.177238
1,20,53,1,52522.856797
1,10,584,1,310335.976830
1,2,1,0,74786.315161
1,10,284,1,4585.697953
1,6,528,0,105936.082444
1,36,8,1,253061.665685
1,28,509,1,136178.154008
1,24,53,1,102827.572866
1,58,463,1,224473.132391
1,10,102,0,2377.186639
1,10,537,0,65407.469960
1,14,4,1,55063.065491
1,12,549,1,16206.489326
1,85,24,0,311.782118
1,10,573,1,77150.885213
1,6,516,0,56423.789832
1,358,662,1,376673.384176
1,34,259,1,277149.544836
1,5,688,0,28611.545784
1,22,27,1,1676.871955
1,20,8,1,16551.176562
1,480,197,1,328.027552
1,16,4,1,345480.962138
1,5,504,0,43627.535271
1,10,58,1,494653.020693
1,5,607,0,223437.724538
1,42,89,1,167021.049560
1,12,44,1,4522.241448
1,12,668,1,15250.304961
1,46,1234,1,9630.203615
1,8,161,0,17838.187748
1,6,965,0,71685.120633
1,24,465,1,163357.131213
1,24,15,1,63177.096090
1,66,87,1,221735.651658
1,10,557,1,130318.379950
1,6,602,0,85573.082663
1,6,16,0,36879.122704
1,38,20,1,243810.914014
1,70,7,1,234963.652553
1,27,18,0,20278.204189
1,4,632,0,8722.180469
1,5,152,0,193775.550867
1,24,25,1,275563.124337
1,10,586,0,1679.459629
1,5,548,0,48685.637164
1,30,28,1,245432.160009
1,20,42,1,3861.974828
1,32,62,1,286577.705053
1,7,3,0,354023.811293
1,5,565,0,12679.496348
1,10,581,1,136372.428189
1,64,283,1,1916.379385
1,12,905,1,859.619962
1,10,583,1,172220.439195
1,10,322,1,18560.056442
1,14,2,1,88194.895226
1,46,194,1,22339.526949
1,12,18,1,6483.963695
1,12,129,0,243301.331926
1,8,581,0,1290.857993
1,10,254,1,14480.109874
1,4,64,0,7110.162859
1,5,542,0,1335.536429
1,40,13,1,218722.125073
1,37,14,0,5877.634311
1,5,548,0,1722.469757
1,26,285,0,808.480935
1,8,2,0,706154.065530
1,42,7,0,23007.662845
1,146,510,1,141.109725
1,36,2,0,30915.736217
1,5,501,0,14132.726229
1,7,520,0,60873.547090
1,6,552,0,96325.327047
1,30,8,1,319473.534135
1,11,606,0,330.774373
1,34,157,1,1839.038007
1,12,3,1,59345.451315
1,10,663,1,49.138455
1,17,30,0,27498.412237
1,5,26,0,33225.241638
1,34,109,1,266215.342237
1,28,17,1,328635.164471
1,12,9,1,123321.359526
1,10,685,1,7231.190407
1,32,3,1,2029.229882
1,16,28,1,5354.139236
1,8,208,0,19495.726424
1,52,70,1,180700.817496
1,10,626,1,17856.141132
1,56,7,1,220230.104822
1,20,1406,1,60500.622330
1,5,198,0,19476.558647
1,66,317,0,96919.110955
1,5,807,0,14669.048692
1,5,545,0,132531.320284
1,34,1,1,59234.462919
1,28,47,1,426.406878
1,10,594,1,9849.820310
1,74,21,1,16241.416022
1,36,26,1,449712.008860
1,26,6,1,2353.404036
1,10,37,1,79018.062034
1,5,557,0,206605.282537
1,84,5,1,11859.002372
1,28,191,1,20276.268071
1,80,65,1,1481.029245
1,36,616,1,133.749902
1,38,18,0,31734.014790
1,10,213,1,29560.457939
1,29,15,0,5910.686243
1,354,8,1,1094.429614
1,10,19,1,36998.398536
1,7,2,0,122787.745627
1,34,2681,1,336.697737
1,5,569,0,258904.487279
1,13,448,0,293212.141020
1,26,70,1,276887.530370
1,6,1,0,40506.612864
1,5,736,0,30526.977619
1,2,30,1,15638.553087
1,8,522,0,99613.835982
1,34,36,1,276972.343438
1,10,603,1,6447.800716
1,480,34,1,10646.033335
1,54,1,1,595.748655
1,5,583,0,107731.285326
1,6,625,0,449450.231169
1,17,12,0,173575.866581
1,13,75,0,308.419046
1,10,569,1,76315.090804
1,10,499,1,471583.625129
1,54,312,1,293582.437400
1,10,31,1,412231.217531
1,80,3,1,56922.272445
1,30,4,1,25901.323053
1,20,5,1,155248.594610
1,126,4,1,14091.427324
1,4,24,0,116811.296962
1,17,305,0,289385.177453
1,54,13,1,224086.799860
1,692,117,1,32361.050196
1,12,8,0,223759.193592
1,12,197,1,64507.620497
1,14,1,1,312865.041910
1,10,17,1,783.403794
1,66,5872,1,410.276299
1,5,87,0,100643.980594
1,38,12,1,343194.428307
1,128,1,1,2668.973482
1,8,512,0,213023.153651
1,20,36,1,2081.651551
1,11,2,0,8039.914452
1,36,190,1,4895.463207
1,82,18,1,0.704201
1,16,842,0,630335.724347
1,10,125,1,77757.303098
1,30,545,1,10984.767684
1,5,565,0,105773.953725
1,16,227,1,347863.717965
1,38,3,1,353229.150527
1,5,658,0,45612.769127
1,171,40,0,139500.201847
1,9,59,0,436882.988131
1,5,829,0,391408.625239
1,40,505,0,328562.132318
1,10,517,1,64297.749111
1,10,20,0,144183.146915
1,2,77,1,242239.045882
1,5,3,0,33697.878008
1,46,203,1,162430.542574
1,10,316,1,149455.231006
1,12,56,0,339688.416610
1,18,2,1,63239.628899
1,44,198,1,148165.571863
1,20,357,1,4538.861066
1,26,582,0,345917.301501
1,10,657,1,274850.206335
1,14,334,1,461186.178740
1,48,42,1,675510.846585
1,6,353,0,0.000000
1,72,19,1,570493.223375
1,5,4,0,157428.562141
1,17,12,0,244939.504231
1,86,2,1,8821.029006
1,54,114,0,556606.195091
1,36,703,1,208949.502639
1,14,641,0,38256.074772
1,6,16,0,1806.958321
1,62,653,1,233316.496518
1,66,1,1,176.816579
1,5,14,0,47243.265165
1,6,774,0,159931.902290
1,20,502,1,94613.645119
1,12,24,1,29044.281340
1,12,550,1,406165.260228
1,10,586,1,364108.070583
1,50,19,1,889.175672
1,46,1,1,276943.840504
1,57,421,0,42483.638417
1,12,90,0,118543.472164
1,5,96,0,410949.513200
1,10,600,1,3819.357873
1,16,8,1,140219.661180
1,17,9,0,556581.118069
1,10,7,1,130941.618088
1,66,275,1,80812.253570
1,5,570,0,35982.445594
1,10,1,1,27482.068398
1,54,149,1,292862.736148
1,12,19,1,310326.148947
1,6,534,0,247.293697
1,5,53,0,5847.792878
1,12,1271,1,27050.223522
1,66,74,1,262040.105638
1,14,7,0,5031.029839
1,54,1,1,463038.969006
1,17,11,0,52364.445783
1,64,20,1,207566.632496
1,10,522,0,78263.318404
1,292,2,1,57155.640744
1,5,651,0,46004.293183
1,72,7,1,456259.474150
1,7,475,0,39115.101866
1,12,604,1,1032.794852
1,10,891,1,21030.254081
1,10,681,1,271954.416118
1,6,19,0,1937.376369
1,30,4,1,414564.597645
1,10,216,1,43062.737632
1,5,552,0,45973.644548
1,10,2,1,69488.027107
1,30,624,1,100899.502172
1,11,539,0,90919.095734
1,20,702,1,25838.814800
1,10,493,1,191383.338384
1,6,99,0,34548.305005
1,10,230,1,25258.579222
1,41,2,0,369359.613945
1,66,24,1,10383.760817
1,6,51,0,1943.513332
1,10,4,1,8396.192953
1,346,24,1,2537.954849
1,5,535,0,39570.797475
1,238,77,1,53539.574088
1,46,139,1,283749.752487
1,126,119,1,43630.108816
1,4,230,0,3315.500518
1,7,539,0,117794.718066
1,24,686,1,1642.876132
1,6,569,0,5551.484710
1,29,7,0,364948.293304
1,6,554,0,153110.774923
1,22,62,1,247103.701748
1,40,151,1,7014.814696
1,158,131,1,2297.438829
1,60,6,1,335667.086189
1,32,43,1,220723.879945
1,23,47,0,273903.226438
1,44,35,1,346946.916305
1,10,592,1,564041.924890
1,10,535,1,2885.713816
1,5,17,0,159862.143970
1,10,565,1,148805.772666
1,24,12,1,513985.704122
1,350,4,1,195416.748427
1,5,597,0,9091.737501
1,22,6,1,314555.030644
1,22,4,1,73728.099863
1,17,9,0,122.037232
1,5,507,0,220.866943
1,32,6,0,484.008776
1,10,756,1,18567.487038
1,88,2,1,125064.567190
1,54,30,1,267380.153708
1,8,655,1,205920.372516
1,22,1590,1,137548.312967
1,106,42,0,294438.805312
1,10,6,1,269348.859891
1,4,933,0,79140.468491
1,16,528,1,456.866783
1,51,9,0,105974.816551
1,22,11,0,273729.746844
1,10,13,1,1500.860442
1,10,385,1,715773.261531
1,10,388,1,191220.965593
1,10,515,1,26182.664252
1,20,106,1,33259.141522
1,98,21,1,13517.190556
1,8,1028,0,310868.925219
1,10,107,1,311985.751457
1,10,1,1,734852.693673
1,40,104,1,27021.193867
1,10,5,0,32014.604594
1,18,74,0,2934.970455
1,5,21,0,204501.902264
1,7,5,0,17426.312125
1,20,40,1,43.073896
1,7,535,0,32577.478303
1,452,58,1,315950.858526
1,5,498,0,30186.038565
1,38,492,1,57219.255813
1,38,7,1,1618.588958
1,10,1,1,360181.295383
1,22,206,1,197429.921767
1,24,1,1,294577.147797
1,10,549,1,296686.652602
1,66,550,1,112251.358022
1,5,648,0,57903.764182
1,44,78,1,134718.137548
1,24,30,0,354259.025421
1,84,562,1,378417.973370
1,6,6,0,26471.949803
1,10,548,1,324952.869060
1,50,26,1,2398.494648
1,14,47,1,210800.818530
1,10,562,1,128572.752124
1,5,223,0,27091.133211
1,50,545,1,3684.101760
1,6,679,0,409179.317323
1,10,513,0,169319.819013
1,10,518,1,594506.917193
1,12,594,1,76948.882930
1,6,422,0,1052.578047
1,26,617,1,155370.137636
1,16,180,1,14034.129871
1,26,117,1,507148.057939
1,14,4,0,92193.888400
1,58,11,1,182191.849977
1,28,87,1,8.076888
1,14,558,1,83766.277662
1,6,490,0,176170.369404
1,10,722,1,3877.087605
1,5,550,0,328634.599548
1,16,16,1,105573.207712
1,5,582,0,35877.172522
1,14,557,1,374057.233189
1,7,243,0,193516.356591
1,7,596,0,356468.648999
1,98,906,1,1418.900871
1,5,645,0,34961.175949
1,5,459,0,50747.127463
1,5,500,0,59583.406198
1,25,570,0,1856.256112
1,44,180,1,10495.973724
1,12,1391,1,101174.180786
1,10,535,1,5157.842139
1,10,561,1,253836.686739
1,8,8,0,105864.056115
1,5,5,0,80948.322931
1,6,558,0,28709.214930
1,12,8,1,777.217960
1,12,688,1,21091.553899
1,5,93,0,74987.806952
1,68,47,1,20021.214601
1,10,210,1,12242.877583
1,16,789,1,1811.734323
1,10,629,1,6030.882478
1,32,6,1,17433.542757
1,12,538,1,168803.224402
1,10,18,1,21659.059851
1,92,3,1,14189.509873
1,5,543,0,55214.802994
1,14,801,1,159105.440865
1,9,35,0,43203.817033
1,28,405,0,666549.893601
1,16,576,0,478285.959321
1,5,733,0,185519.575248
1,5,1,0,268929.395127
1,34,1171,1,59.515106
1,5,829,0,86318.868816
1,10,893,0,181854.106294
1,6,187,0,98595.268479
1,6,522,0,32576.570626
1,10,570,1,222614.627194
1,5,882,0,50051.096333
1,78,7,1,87553.150247
1,5,912,0,623235.754236
1,11,668,0,291754.053908
1,16,1,1,159953.377529
1,108,135,1,14935.848799
1,70,90,1,124295.419178
1,10,542,0,174685.095284
1,42,947,1,12964.934523
1,10,2,1,6974.838537
1,5,656,0,266621.242415
1,6,506,0,78402.735393
1,25,53,0,113.802675
1,20,569,1,174598.003911
1,26,318,1,2829.466403
1,10,390,0,342.250748
1,10,2,1,10770.230677
1,54,110,1,264849.458081
1,5,597,0,52288.897728
1,14,102,0,13056.520538
1,62,143,1,246398.478926
1,12,644,1,10908.882523
1,5,544,0,183643.512521
1,6,33,0,397226.934259
1,20,3,1,592478.484966
1,5,491,0,16248.243760
1,18,14,1,1165.865928
1,10,604,1,200715.625478
1,10,574,1,388216.807549
1,10,1412,1,34809.380058
1,12,455,1,27739.706699
1,44,201,1,240741.074234
1,32,3,1,518.876483
1,10,201,1,22183.745999
1,352,43,1,82438.798571
1,12,697,1,437136.941244
1,5,984,0,4509.489590
1,6,4,0,201591.225844
1,36,9,1,82579.482380
1,20,559,1,425977.081263
1,5,49,0,16108.963598
1,7,522,0,2178.239940
1,5,754,0,43330.425097
1,10,12,1,153138.201292
1,84,294,1,227173.120289
1,58,27,1,64795.026584
1,310,2,1,697102.312101
1,12,664,1,1423.454563
1,20,16,1,117477.233039
1,5,564,0,24455.064209
1,13,26,0,43258.738318
1,9,2,0,15141.861418
1,32,1001,1,259398.353296
1,25,85,0,202860.809929
1,6,644,0,13826.442677
1,18,106,0,87858.948800
1,6,581,0,51174.554990
1,20,146,1,249038.475537
1,10,4,1,64960.214274
1,10,74,1,128587.745182
1,12,49,1,190262.818082
1,50,54,1,30531.525656
1,12,749,1,203831.476316
1,12,560,1,576778.464438
1,30,14,1,165741.217229
1,12,5,1,545935.478126
1,12,700,1,70413.892069
1,5,452,0,638640.546036
1,12,521,1,61767.653622
1,31,22,0,398687.757702
1,14,2,1,7.209678
1,30,102,1,362863.404039
1,48,8,1,7006.153549
1,10,15,1,571.852727
1,5,817,0,7595.558930
1,52,6,1,339144.950483
1,14,869,1,2044.466662
1,36,52,1,62326.115395
1,94,12,1,9294.942745
1,66,2,1,59031.251976
1,12,3,1,9159.020453
1,5,656,0,912768.801705
1,84,2,1,24837.321811
1,124,460,1,687.151345
1,10,501,1,21659.204593
1,1,7,0,105904.173548
1,5,13,0,27466.597013
1,378,2,1,251.087098
1,24,9,1,235502.238838
1,10,535,1,19883.506037
1,38,1473,1,3909.770907
1,6,335,0,89004.966835
1,10,40,1,113722.753797
1,10,500,1,10140.858024
1,120,13,1,30795.430155
1,6,538,0,896.425982
1,16,580,1,90790.012027
1,15,505,0,3411.565490
1,5,1087,0,132279.626679
1,10,36,1,1106.646145
1,27,146,0,768.405875
1,10,567,1,386050.320997
1,5,367,0,126366.308003
1,16,117,1,4415.338582
1,12,6,0,13554.433132
1,20,121,1,74621.783587
1,20,248,1,498792.001683
1,60,132,1,173627.645175
1,10,381,1,72865.477268
1,10,576,1,445433.496546
1,138,87,1,322214.894725
1,12,165,1,25179.978893
1,10,70,1,245704.075722
1,10,369,1,359888.604438
1,32,4,1,115472.925228
1,80,723,1,10.721039
1,38,10,0,393420.551809
1,6,17,1,325616.531150
1,62,95,1,310090.118633
1,10,506,1,120.223488
1,24,1305,1,34421.291159
1,10,29,1,37861.222594
1,10,513,0,221625.216297
1,46,45,1,26923.708587
1,72,4,1,18285.650008
1,18,16,1,195127.342487
1,5,560,0,56690.147608
1,36,16,1,97736.469148
1,20,2,1,73538.705713
1,6,583,0,32190.774551
1,17,77,0,425185.326146
1,28,6,1,222069.471607
1,10,111,1,33335.841650
1,5,569,0,25094.342678
1,5,535,0,63425.652975
1,14,436,1,131379.600423
1,6,958,0,3.160311
1,4,88,0,17939.005458
1,60,461,1,292.735283
1,10,416,1,374293.472204
1,6,528,0,132842.511047
1,124,94,1,0.683747
1,8,460,0,285749.877238
1,6,580,0,75507.538283
1,14,13,0,302232.251919
1,10,546,1,24408.780056
1,7,5,0,92962.286358
1,5,66,0,70475.869065
1,10,135,1,309209.807995
1,4,536,0,222721.314481
1,5,839,0,118.625503
1,58,37,1,84966.854062
1,18,44,1,2932.265714
1,7,677,0,170310.779378
1,20,933,1,335396.857997
1,5,6,0,764.274079
1,2,9,1,25078.813614
1,4,643,0,70903.063718
1,16,9,1,273720.087876
1,42,155,1,43874.401325
1,38,250,1,717427.714659
1,5,546,0,55936.876584
1,44,161,1,156280.467557
1,6,633,0,53313.750993
1,5,758,0,98194.388130
1,5,196,0,57014.715811
1,8,324,1,397141.804331
1,28,87,1,276765.786521
1,6,46,0,32150.390029
1,10,560,1,4319.611897
1,10,55,1,184982.112446
1,6,598,0,112119.649902
1,10,1,1,6606.536339
1,9,4,0,26888.028256
1,10,557,1,926.420198
1,10,548,1,117091.423974
1,6,652,0,173576.569347
1,5,1,0,52797.904791
1,11,240,0,104068.098882
1,18,47,1,231601.060262
1,10,3,1,35549.006403
1,1,336,0,164755.596898
1,8,20,1,8539.921381
1,38,4,0,350161.618912
1,3,701,0,337496.918996
1,10,6,1,56546.419994
1,10,530,1,7810.534536
1,7,583,0,31365.427640
1,90,143,1,266550.150310
1,20,107,1,458.383193
1,5,569,0,125879.209007
1,16,38,1,700.849947
1,7,541,0,137418.992842
1,23,65,0,365193.812269
1,14,538,0,49272.110142
1,10,964,1,491877.097566
1,48,4,1,487971.378051
1,10,682,1,58950.900531
1,16,140,1,15.769372
1,10,628,1,29550.510813
1,42,15,1,308.533901
1,70,28,1,464860.216561
1,7,45,0,47293.716311
1,22,261,1,16892.237284
1,16,650,1,1229.744308
1,6,552,0,34702.280467
1,10,575,1,260882.919204
1,22,1325,1,189031.049162
1,4,221,0,3739.267605
1,10,733,1,2384.665690
1,10,1,1,781811.581775
1,5,866,0,7593.954315
1,18,2,1,412141.719565
1,12,31,1,1724.677546
1,7,465,0,846.924108
1,12,639,1,98707.688235
1,56,863,1,346470.570940
1,6,544,0,51854.248741
1,10,3,1,3858.590297
1,14,736,1,207559.088601
1,94,1224,1,105.301045
1,5,747,0,9285.562747
1,24,597,1,47467.444322
1,134,351,1,457.305203
1,2,5,1,494.887142
1,10,52,1,94939.994794
1,9,549,0,151214.177411
1,40,101,1,146216.241895
1,5,5,0,429957.030589
1,14,8,1,92946.288477
1,154,1986,1,232948.150254
1,7,98,0,417008.355958
1,16,15,1,218655.045427
1,50,1,1,961.061846
1,7,366,0,6831.820236
1,5,510,0,36615.696256
1,5,559,0,6862.745784
1,5,695,0,1.698937
1,8,204,1,14691.163334
1,5,559,0,526815.531271
1,11,90,0,648350.465393
1,40,69,1,208067.482606
1,24,104,1,18348.109990
1,11,532,0,641130.672915
1,20,584,1,332287.817021
1,24,15,0,285635.847836
1,36,25,0,62158.364710
1,30,34,1,110757.991609
1,87,93,0,124171.828298
1,5,305,0,142544.689151
1,5,600,0,5493.178094
1,2,13,1,95894.760344
1,10,474,1,12424.438969
1,12,492,1,172481.114358
1,5,187,0,12522.366724
1,5,530,0,22390.290649
1,18,1222,1,13911.683974
1,10,174,1,575939.678768
1,32,2,1,597.079822
1,34,5,1,450963.623765
1,46,10,1,18143.160038
1,22,18,1,5637.520993
1,582,403,1,1.060068
1,10,1018,1,127304.685048
1,10,550,1,22251.081350
1,32,22,1,423170.441599
1,124,29,1,39271.244443
1,10,481,1,116257.858403
1,37,22,0,515352.339367
1,36,18,1,233001.588774
1,12,79,1,94518.457590
1,6,493,0,40266.497164
1,5,527,0,4.224698
1,2,1,1,160029.844953
1,22,4,1,13041.496456
1,34,104,1,81.340081
1,44,61,1,53408.572169
1,20,20,1,422.931320
1,12,42,1,77597.517607
1,14,21,1,144933.228212
1,12,75,1,4735.457791
1,8,5,0,136726.852254
1,2,32,0,346576.718067
1,14,505,1,17962.296470
1,52,10,1,393357.091174
1,46,10,1,671.110892
1,86,623,1,2328.647879
1,5,53,0,559.590068
1,2,13,0,1511.426791
1,5,21,0,80679.948564
1,11,78,0,458882.112827
1,5,29,0,193018.750587
1,13,186,0,47992.329490
1,20,457,1,348835.813148
1,17,52,0,4620.776426
1,6,734,0,8742.120938
1,14,559,1,201479.823666
1,10,541,0,132828.170128
1,10,600,1,153398.411949
1,8,8,0,367910.464371
1,12,119,1,303464.406011
1,14,271,1,27611.776498
1,24,110,1,103781.134395
1,20,195,1,134815.798668
1,5,573,0,20699.660251
1,5,562,0,29640.118394
1,8,6,0,44530.036457
1,14,527,1,71075.811562
1,18,239,1,288582.879028
1,18,255,1,162680.495730
1,16,50,1,176886.894241
1,5,572,0,302368.330394
1,12,95,1,462.332929
1,7,500,0,83350.134373
1,5,569,0,15416.310501
1,5,541,0,34370.309538
1,10,493,1,20329.509176
1,18,468,1,371533.951476
1,46,41,1,89261.087949
1,5,6,0,3876.473996
1,10,1441,1,2669.120706
1,18,151,1,221467.955455
1,16,162,1,213797.120569
1,10,604,1,402719.339806
1,7,37,0,130120.081531
1,10,123,1,1420.157383
1,5,593,0,175749.173771
1,20,1396,1,7187.356101
1,66,39,1,251737.660770
1,5,29,0,167956.034220
1,10,567,1,74855.659563
1,14,7,1,637853.304777
1,6,594,0,407310.723523
1,5,603,0,151528.529053
1,24,18,1,318603.140079
1,10,692,1,206633.835633
1,37,35,0,1.725013
1,22,3,1,287997.771804
1,10,4,1,0.085566
1,10,466,0,116062.007970
1,150,473,1,424074.648720
1,10,2,1,427087.104152
1,10,1,1,500.037455
1,133,4,0,297228.423067
1,20,29,0,26672.698457
1,8,544,1,84784.543263
1,10,48,0,3471.649667
1,22,130,1,21098.256509
1,72,30,1,208924.652190
1,34,29,1,20577.933386
1,76,1,1,126523.963461
1,6,522,0,71637.959390
1,5,3,0,168645.442889
1,5,522,0,368496.031344
1,5,976,0,10557.211269
1,12,25,1,225945.924472
1,18,3,1,182919.391989
1,20,17,1,175657.554905
1,42,112,1,675.956586
1,94,541,1,426.493503
1,20,45,0,354129.753902
1,6,564,0,320337.981721
1,7,702,0,32027.978596
1,7,4,0,10905.612585
1,34,578,1,26017.679934
1,50,41,1,394237.767248
1,12,333,1,315758.848195
1,116,3,1,203373.522545
1,11,151,0,201612.033423
1,8,12,1,216161.063793
1,8,104,0,30608.768492
1,12,53,0,51493.792615
1,5,497,0,72314.134767
1,54,1,1,196458.446731
1,6,123,0,814.104294
1,6,510,0,146180.492480
1,10,746,0,68618.558228
1,10,524,1,173047.108974
1,10,20,1,3.220317
1,16,1258,1,236693.432212
1,116,17,1,0.448782
